"name","nlocs","file","line","loc"
"const_iterator",1,"/media/jefferson/11c42dee-73a3-4c2b-ab42-a0440011d9e0/.s-core-build/runs/score-communication-bug-recovery-fw8j963z/bazel-inner/0ee02474a779b83b3b0b23a41897ed42/external/+_repo_rules2+ubuntu24_04_sysroot_amd64/sysroot/usr/include/c++/13/bits/basic_string.h",107,"file:///media/jefferson/11c42dee-73a3-4c2b-ab42-a0440011d9e0/.s-core-build/runs/score-communication-bug-recovery-fw8j963z/bazel-inner/0ee02474a779b83b3b0b23a41897ed42/external/+_repo_rules2+ubuntu24_04_sysroot_amd64/sysroot/usr/include/c++/13/bits/basic_string.h:107:8:107:21"
"const_iterator",1,"/media/jefferson/11c42dee-73a3-4c2b-ab42-a0440011d9e0/.s-core-build/runs/score-communication-bug-recovery-fw8j963z/bazel-inner/0ee02474a779b83b3b0b23a41897ed42/external/+_repo_rules2+ubuntu24_04_sysroot_amd64/sysroot/usr/include/c++/13/initializer_list",53,"file:///media/jefferson/11c42dee-73a3-4c2b-ab42-a0440011d9e0/.s-core-build/runs/score-communication-bug-recovery-fw8j963z/bazel-inner/0ee02474a779b83b3b0b23a41897ed42/external/+_repo_rules2+ubuntu24_04_sysroot_amd64/sysroot/usr/include/c++/13/initializer_list:53:26:53:39"
"const_iterator",1,"/media/jefferson/11c42dee-73a3-4c2b-ab42-a0440011d9e0/.s-core-build/runs/score-communication-bug-recovery-fw8j963z/bazel-inner/0ee02474a779b83b3b0b23a41897ed42/external/+_repo_rules2+ubuntu24_04_sysroot_amd64/sysroot/usr/include/c++/13/bits/unordered_map.h",133,"file:///media/jefferson/11c42dee-73a3-4c2b-ab42-a0440011d9e0/.s-core-build/runs/score-communication-bug-recovery-fw8j963z/bazel-inner/0ee02474a779b83b3b0b23a41897ed42/external/+_repo_rules2+ubuntu24_04_sysroot_amd64/sysroot/usr/include/c++/13/bits/unordered_map.h:133:51:133:64"
"const_iterator",1,"/media/jefferson/11c42dee-73a3-4c2b-ab42-a0440011d9e0/.s-core-build/runs/score-communication-bug-recovery-fw8j963z/bazel-inner/0ee02474a779b83b3b0b23a41897ed42/external/+_repo_rules2+ubuntu24_04_sysroot_amd64/sysroot/usr/include/c++/13/bits/unordered_map.h",1278,"file:///media/jefferson/11c42dee-73a3-4c2b-ab42-a0440011d9e0/.s-core-build/runs/score-communication-bug-recovery-fw8j963z/bazel-inner/0ee02474a779b83b3b0b23a41897ed42/external/+_repo_rules2+ubuntu24_04_sysroot_amd64/sysroot/usr/include/c++/13/bits/unordered_map.h:1278:51:1278:64"
"const_iterator",1,"/media/jefferson/11c42dee-73a3-4c2b-ab42-a0440011d9e0/.s-core-build/runs/score-communication-bug-recovery-fw8j963z/bazel-inner/0ee02474a779b83b3b0b23a41897ed42/external/+_repo_rules2+ubuntu24_04_sysroot_amd64/sysroot/usr/include/c++/13/bits/hashtable.h",250,"file:///media/jefferson/11c42dee-73a3-4c2b-ab42-a0440011d9e0/.s-core-build/runs/score-communication-bug-recovery-fw8j963z/bazel-inner/0ee02474a779b83b3b0b23a41897ed42/external/+_repo_rules2+ubuntu24_04_sysroot_amd64/sysroot/usr/include/c++/13/bits/hashtable.h:250:13:250:26"
"const_iterator",1,"/media/jefferson/11c42dee-73a3-4c2b-ab42-a0440011d9e0/.s-core-build/runs/score-communication-bug-recovery-fw8j963z/bazel-inner/0ee02474a779b83b3b0b23a41897ed42/external/+_repo_rules2+ubuntu24_04_sysroot_amd64/sysroot/usr/include/c++/13/bits/hashtable_policy.h",920,"file:///media/jefferson/11c42dee-73a3-4c2b-ab42-a0440011d9e0/.s-core-build/runs/score-communication-bug-recovery-fw8j963z/bazel-inner/0ee02474a779b83b3b0b23a41897ed42/external/+_repo_rules2+ubuntu24_04_sysroot_amd64/sysroot/usr/include/c++/13/bits/hashtable_policy.h:920:13:920:26"
"const_iterator",1,"/media/jefferson/11c42dee-73a3-4c2b-ab42-a0440011d9e0/.s-core-build/runs/score-communication-bug-recovery-fw8j963z/bazel-inner/0ee02474a779b83b3b0b23a41897ed42/external/+_repo_rules2+ubuntu24_04_sysroot_amd64/sysroot/usr/include/c++/13/bits/hashtable_policy.h",1061,"file:///media/jefferson/11c42dee-73a3-4c2b-ab42-a0440011d9e0/.s-core-build/runs/score-communication-bug-recovery-fw8j963z/bazel-inner/0ee02474a779b83b3b0b23a41897ed42/external/+_repo_rules2+ubuntu24_04_sysroot_amd64/sysroot/usr/include/c++/13/bits/hashtable_policy.h:1061:13:1061:26"
"const_iterator",1,"/media/jefferson/11c42dee-73a3-4c2b-ab42-a0440011d9e0/.s-core-build/runs/score-communication-bug-recovery-fw8j963z/bazel-inner/0ee02474a779b83b3b0b23a41897ed42/external/+_repo_rules2+ubuntu24_04_sysroot_amd64/sysroot/usr/include/c++/13/bits/hashtable_policy.h",1103,"file:///media/jefferson/11c42dee-73a3-4c2b-ab42-a0440011d9e0/.s-core-build/runs/score-communication-bug-recovery-fw8j963z/bazel-inner/0ee02474a779b83b3b0b23a41897ed42/external/+_repo_rules2+ubuntu24_04_sysroot_amd64/sysroot/usr/include/c++/13/bits/hashtable_policy.h:1103:13:1103:26"
"const_iterator",1,"/media/jefferson/11c42dee-73a3-4c2b-ab42-a0440011d9e0/.s-core-build/runs/score-communication-bug-recovery-fw8j963z/bazel-inner/0ee02474a779b83b3b0b23a41897ed42/external/+_repo_rules2+ubuntu24_04_sysroot_amd64/sysroot/usr/include/c++/13/bits/stl_vector.h",460,"file:///media/jefferson/11c42dee-73a3-4c2b-ab42-a0440011d9e0/.s-core-build/runs/score-communication-bug-recovery-fw8j963z/bazel-inner/0ee02474a779b83b3b0b23a41897ed42/external/+_repo_rules2+ubuntu24_04_sysroot_amd64/sysroot/usr/include/c++/13/bits/stl_vector.h:460:7:460:20"
"const_iterator",1,"/media/jefferson/11c42dee-73a3-4c2b-ab42-a0440011d9e0/.s-core-build/runs/score-communication-bug-recovery-fw8j963z/bazel-inner/0ee02474a779b83b3b0b23a41897ed42/external/+_repo_rules2+ubuntu24_04_sysroot_amd64/sysroot/usr/include/c++/13/bits/stl_bvector.h",420,"file:///media/jefferson/11c42dee-73a3-4c2b-ab42-a0440011d9e0/.s-core-build/runs/score-communication-bug-recovery-fw8j963z/bazel-inner/0ee02474a779b83b3b0b23a41897ed42/external/+_repo_rules2+ubuntu24_04_sysroot_amd64/sysroot/usr/include/c++/13/bits/stl_bvector.h:420:34:420:47"
"const_iterator",1,"/media/jefferson/11c42dee-73a3-4c2b-ab42-a0440011d9e0/.s-core-build/runs/score-communication-bug-recovery-fw8j963z/bazel-inner/0ee02474a779b83b3b0b23a41897ed42/external/+_repo_rules2+ubuntu24_04_sysroot_amd64/sysroot/usr/include/c++/13/bits/stl_bvector.h",759,"file:///media/jefferson/11c42dee-73a3-4c2b-ab42-a0440011d9e0/.s-core-build/runs/score-communication-bug-recovery-fw8j963z/bazel-inner/0ee02474a779b83b3b0b23a41897ed42/external/+_repo_rules2+ubuntu24_04_sysroot_amd64/sysroot/usr/include/c++/13/bits/stl_bvector.h:759:37:759:50"
"const_iterator",1,"/media/jefferson/11c42dee-73a3-4c2b-ab42-a0440011d9e0/.s-core-build/runs/score-communication-bug-recovery-fw8j963z/bazel-inner/0ee02474a779b83b3b0b23a41897ed42/external/+_repo_rules2+ubuntu24_04_sysroot_amd64/sysroot/usr/include/c++/13/array",102,"file:///media/jefferson/11c42dee-73a3-4c2b-ab42-a0440011d9e0/.s-core-build/runs/score-communication-bug-recovery-fw8j963z/bazel-inner/0ee02474a779b83b3b0b23a41897ed42/external/+_repo_rules2+ubuntu24_04_sysroot_amd64/sysroot/usr/include/c++/13/array:102:41:102:54"
"const_iterator",1,"/media/jefferson/11c42dee-73a3-4c2b-ab42-a0440011d9e0/.s-core-build/runs/score-communication-bug-recovery-fw8j963z/bazel-inner/0ee02474a779b83b3b0b23a41897ed42/external/+_repo_rules2+ubuntu24_04_sysroot_amd64/sysroot/usr/include/c++/13/string_view",121,"file:///media/jefferson/11c42dee-73a3-4c2b-ab42-a0440011d9e0/.s-core-build/runs/score-communication-bug-recovery-fw8j963z/bazel-inner/0ee02474a779b83b3b0b23a41897ed42/external/+_repo_rules2+ubuntu24_04_sysroot_amd64/sysroot/usr/include/c++/13/string_view:121:13:121:26"
"const_iterator",1,"/media/jefferson/11c42dee-73a3-4c2b-ab42-a0440011d9e0/.s-core-build/runs/score-communication-bug-recovery-fw8j963z/bazel-inner/0ee02474a779b83b3b0b23a41897ed42/external/+_repo_rules2+ubuntu24_04_sysroot_amd64/sysroot/usr/include/c++/13/bits/stl_tree.h",818,"file:///media/jefferson/11c42dee-73a3-4c2b-ab42-a0440011d9e0/.s-core-build/runs/score-communication-bug-recovery-fw8j963z/bazel-inner/0ee02474a779b83b3b0b23a41897ed42/external/+_repo_rules2+ubuntu24_04_sysroot_amd64/sysroot/usr/include/c++/13/bits/stl_tree.h:818:51:818:64"
"const_iterator",1,"/media/jefferson/11c42dee-73a3-4c2b-ab42-a0440011d9e0/.s-core-build/runs/score-communication-bug-recovery-fw8j963z/bazel-inner/0ee02474a779b83b3b0b23a41897ed42/external/+_repo_rules2+ubuntu24_04_sysroot_amd64/sysroot/usr/include/c++/13/bits/stl_map.h",177,"file:///media/jefferson/11c42dee-73a3-4c2b-ab42-a0440011d9e0/.s-core-build/runs/score-communication-bug-recovery-fw8j963z/bazel-inner/0ee02474a779b83b3b0b23a41897ed42/external/+_repo_rules2+ubuntu24_04_sysroot_amd64/sysroot/usr/include/c++/13/bits/stl_map.h:177:51:177:64"
"const_iterator",1,"/media/jefferson/11c42dee-73a3-4c2b-ab42-a0440011d9e0/.s-core-build/runs/score-communication-bug-recovery-fw8j963z/bazel-inner/0ee02474a779b83b3b0b23a41897ed42/external/+_repo_rules2+ubuntu24_04_sysroot_amd64/sysroot/usr/include/c++/13/bits/stl_multimap.h",168,"file:///media/jefferson/11c42dee-73a3-4c2b-ab42-a0440011d9e0/.s-core-build/runs/score-communication-bug-recovery-fw8j963z/bazel-inner/0ee02474a779b83b3b0b23a41897ed42/external/+_repo_rules2+ubuntu24_04_sysroot_amd64/sysroot/usr/include/c++/13/bits/stl_multimap.h:168:51:168:64"
"const_iterator",1,"/media/jefferson/11c42dee-73a3-4c2b-ab42-a0440011d9e0/.s-core-build/runs/score-communication-bug-recovery-fw8j963z/bazel-inner/0ee02474a779b83b3b0b23a41897ed42/external/score_baselibs+/score/language/futurecpp/include/score/span.hpp",128,"file:///media/jefferson/11c42dee-73a3-4c2b-ab42-a0440011d9e0/.s-core-build/runs/score-communication-bug-recovery-fw8j963z/bazel-inner/0ee02474a779b83b3b0b23a41897ed42/external/score_baselibs+/score/language/futurecpp/include/score/span.hpp:128:11:128:24"
"const_iterator",1,"/media/jefferson/11c42dee-73a3-4c2b-ab42-a0440011d9e0/.s-core-build/runs/score-communication-bug-recovery-fw8j963z/bazel-inner/0ee02474a779b83b3b0b23a41897ed42/external/score_baselibs+/score/containers/intrusive_list.h",255,"file:///media/jefferson/11c42dee-73a3-4c2b-ab42-a0440011d9e0/.s-core-build/runs/score-communication-bug-recovery-fw8j963z/bazel-inner/0ee02474a779b83b3b0b23a41897ed42/external/score_baselibs+/score/containers/intrusive_list.h:255:11:255:24"
"const_iterator",1,"/media/jefferson/11c42dee-73a3-4c2b-ab42-a0440011d9e0/.s-core-build/runs/score-communication-bug-recovery-fw8j963z/bazel-inner/0ee02474a779b83b3b0b23a41897ed42/external/score_baselibs+/score/containers/dynamic_array.h",66,"file:///media/jefferson/11c42dee-73a3-4c2b-ab42-a0440011d9e0/.s-core-build/runs/score-communication-bug-recovery-fw8j963z/bazel-inner/0ee02474a779b83b3b0b23a41897ed42/external/score_baselibs+/score/containers/dynamic_array.h:66:11:66:24"
"const_iterator",1,"/media/jefferson/11c42dee-73a3-4c2b-ab42-a0440011d9e0/.s-core-build/runs/score-communication-bug-recovery-fw8j963z/bazel-inner/0ee02474a779b83b3b0b23a41897ed42/external/score_baselibs+/score/containers/non_relocatable_vector.h",116,"file:///media/jefferson/11c42dee-73a3-4c2b-ab42-a0440011d9e0/.s-core-build/runs/score-communication-bug-recovery-fw8j963z/bazel-inner/0ee02474a779b83b3b0b23a41897ed42/external/score_baselibs+/score/containers/non_relocatable_vector.h:116:11:116:24"
"const_iterator",1,"/media/jefferson/11c42dee-73a3-4c2b-ab42-a0440011d9e0/.s-core-build/runs/score-communication-bug-recovery-fw8j963z/bazel-inner/0ee02474a779b83b3b0b23a41897ed42/external/score_baselibs+/score/language/futurecpp/include/score/string_view.hpp",52,"file:///media/jefferson/11c42dee-73a3-4c2b-ab42-a0440011d9e0/.s-core-build/runs/score-communication-bug-recovery-fw8j963z/bazel-inner/0ee02474a779b83b3b0b23a41897ed42/external/score_baselibs+/score/language/futurecpp/include/score/string_view.hpp:52:11:52:24"
"const_iterator",1,"/media/jefferson/11c42dee-73a3-4c2b-ab42-a0440011d9e0/.s-core-build/runs/score-communication-bug-recovery-fw8j963z/bazel-inner/0ee02474a779b83b3b0b23a41897ed42/external/+_repo_rules2+ubuntu24_04_sysroot_amd64/sysroot/usr/include/c++/13/bits/stl_set.h",150,"file:///media/jefferson/11c42dee-73a3-4c2b-ab42-a0440011d9e0/.s-core-build/runs/score-communication-bug-recovery-fw8j963z/bazel-inner/0ee02474a779b83b3b0b23a41897ed42/external/+_repo_rules2+ubuntu24_04_sysroot_amd64/sysroot/usr/include/c++/13/bits/stl_set.h:150:51:150:64"
"const_iterator",1,"/media/jefferson/11c42dee-73a3-4c2b-ab42-a0440011d9e0/.s-core-build/runs/score-communication-bug-recovery-fw8j963z/bazel-inner/0ee02474a779b83b3b0b23a41897ed42/external/+_repo_rules2+ubuntu24_04_sysroot_amd64/sysroot/usr/include/c++/13/bits/stl_multiset.h",148,"file:///media/jefferson/11c42dee-73a3-4c2b-ab42-a0440011d9e0/.s-core-build/runs/score-communication-bug-recovery-fw8j963z/bazel-inner/0ee02474a779b83b3b0b23a41897ed42/external/+_repo_rules2+ubuntu24_04_sysroot_amd64/sysroot/usr/include/c++/13/bits/stl_multiset.h:148:51:148:64"
"const_iterator",1,"/media/jefferson/11c42dee-73a3-4c2b-ab42-a0440011d9e0/.s-core-build/runs/score-communication-bug-recovery-fw8j963z/bazel-inner/0ee02474a779b83b3b0b23a41897ed42/external/+_repo_rules2+ubuntu24_04_sysroot_amd64/sysroot/usr/include/c++/13/bits/stl_list.h",665,"file:///media/jefferson/11c42dee-73a3-4c2b-ab42-a0440011d9e0/.s-core-build/runs/score-communication-bug-recovery-fw8j963z/bazel-inner/0ee02474a779b83b3b0b23a41897ed42/external/+_repo_rules2+ubuntu24_04_sysroot_amd64/sysroot/usr/include/c++/13/bits/stl_list.h:665:44:665:57"
"const_iterator",1,"/media/jefferson/11c42dee-73a3-4c2b-ab42-a0440011d9e0/.s-core-build/runs/score-communication-bug-recovery-fw8j963z/bazel-inner/0ee02474a779b83b3b0b23a41897ed42/external/+_repo_rules2+ubuntu24_04_sysroot_amd64/sysroot/usr/include/c++/13/bits/unordered_set.h",127,"file:///media/jefferson/11c42dee-73a3-4c2b-ab42-a0440011d9e0/.s-core-build/runs/score-communication-bug-recovery-fw8j963z/bazel-inner/0ee02474a779b83b3b0b23a41897ed42/external/+_repo_rules2+ubuntu24_04_sysroot_amd64/sysroot/usr/include/c++/13/bits/unordered_set.h:127:51:127:64"
"const_iterator",1,"/media/jefferson/11c42dee-73a3-4c2b-ab42-a0440011d9e0/.s-core-build/runs/score-communication-bug-recovery-fw8j963z/bazel-inner/0ee02474a779b83b3b0b23a41897ed42/external/+_repo_rules2+ubuntu24_04_sysroot_amd64/sysroot/usr/include/c++/13/bits/unordered_set.h",995,"file:///media/jefferson/11c42dee-73a3-4c2b-ab42-a0440011d9e0/.s-core-build/runs/score-communication-bug-recovery-fw8j963z/bazel-inner/0ee02474a779b83b3b0b23a41897ed42/external/+_repo_rules2+ubuntu24_04_sysroot_amd64/sysroot/usr/include/c++/13/bits/unordered_set.h:995:51:995:64"
"const_iterator",1,"/media/jefferson/11c42dee-73a3-4c2b-ab42-a0440011d9e0/.s-core-build/runs/score-communication-bug-recovery-fw8j963z/baseline-check/score/mw/com/impl/bindings/lola/linear_search_map.h",78,"file:///media/jefferson/11c42dee-73a3-4c2b-ab42-a0440011d9e0/.s-core-build/runs/score-communication-bug-recovery-fw8j963z/baseline-check/score/mw/com/impl/bindings/lola/linear_search_map.h:78:11:78:24"
"const_iterator",1,"/media/jefferson/11c42dee-73a3-4c2b-ab42-a0440011d9e0/.s-core-build/runs/score-communication-bug-recovery-fw8j963z/bazel-inner/0ee02474a779b83b3b0b23a41897ed42/external/+_repo_rules2+ubuntu24_04_sysroot_amd64/sysroot/usr/include/c++/13/bits/stl_deque.h",126,"file:///media/jefferson/11c42dee-73a3-4c2b-ab42-a0440011d9e0/.s-core-build/runs/score-communication-bug-recovery-fw8j963z/bazel-inner/0ee02474a779b83b3b0b23a41897ed42/external/+_repo_rules2+ubuntu24_04_sysroot_amd64/sysroot/usr/include/c++/13/bits/stl_deque.h:126:39:126:52"
"const_iterator",1,"/media/jefferson/11c42dee-73a3-4c2b-ab42-a0440011d9e0/.s-core-build/runs/score-communication-bug-recovery-fw8j963z/bazel-inner/0ee02474a779b83b3b0b23a41897ed42/external/+_repo_rules2+ubuntu24_04_sysroot_amd64/sysroot/usr/include/c++/13/bits/stl_deque.h",456,"file:///media/jefferson/11c42dee-73a3-4c2b-ab42-a0440011d9e0/.s-core-build/runs/score-communication-bug-recovery-fw8j963z/bazel-inner/0ee02474a779b83b3b0b23a41897ed42/external/+_repo_rules2+ubuntu24_04_sysroot_amd64/sysroot/usr/include/c++/13/bits/stl_deque.h:456:62:456:75"
"const_iterator",1,"/media/jefferson/11c42dee-73a3-4c2b-ab42-a0440011d9e0/.s-core-build/runs/score-communication-bug-recovery-fw8j963z/bazel-inner/0ee02474a779b83b3b0b23a41897ed42/external/+_repo_rules2+ubuntu24_04_sysroot_amd64/sysroot/usr/include/c++/13/bits/stl_deque.h",820,"file:///media/jefferson/11c42dee-73a3-4c2b-ab42-a0440011d9e0/.s-core-build/runs/score-communication-bug-recovery-fw8j963z/bazel-inner/0ee02474a779b83b3b0b23a41897ed42/external/+_repo_rules2+ubuntu24_04_sysroot_amd64/sysroot/usr/include/c++/13/bits/stl_deque.h:820:47:820:60"
"const_iterator",1,"/media/jefferson/11c42dee-73a3-4c2b-ab42-a0440011d9e0/.s-core-build/runs/score-communication-bug-recovery-fw8j963z/bazel-inner/0ee02474a779b83b3b0b23a41897ed42/external/score_baselibs+/score/language/futurecpp/include/score/inplace_vector.hpp",136,"file:///media/jefferson/11c42dee-73a3-4c2b-ab42-a0440011d9e0/.s-core-build/runs/score-communication-bug-recovery-fw8j963z/bazel-inner/0ee02474a779b83b3b0b23a41897ed42/external/score_baselibs+/score/language/futurecpp/include/score/inplace_vector.hpp:136:11:136:24"
"const_iterator",1,"/media/jefferson/11c42dee-73a3-4c2b-ab42-a0440011d9e0/.s-core-build/runs/score-communication-bug-recovery-fw8j963z/baseline-check/score/mw/com/impl/service_element_map_view.h",44,"file:///media/jefferson/11c42dee-73a3-4c2b-ab42-a0440011d9e0/.s-core-build/runs/score-communication-bug-recovery-fw8j963z/baseline-check/score/mw/com/impl/service_element_map_view.h:44:11:44:24"
"const_iterator",1,"/media/jefferson/11c42dee-73a3-4c2b-ab42-a0440011d9e0/.s-core-build/runs/score-communication-bug-recovery-fw8j963z/bazel-inner/0ee02474a779b83b3b0b23a41897ed42/external/nlohmann_json+/include/nlohmann/json.hpp",230,"file:///media/jefferson/11c42dee-73a3-4c2b-ab42-a0440011d9e0/.s-core-build/runs/score-communication-bug-recovery-fw8j963z/bazel-inner/0ee02474a779b83b3b0b23a41897ed42/external/nlohmann_json+/include/nlohmann/json.hpp:230:11:230:24"
"const_iterator",1,"/media/jefferson/11c42dee-73a3-4c2b-ab42-a0440011d9e0/.s-core-build/runs/score-communication-bug-recovery-fw8j963z/bazel-inner/0ee02474a779b83b3b0b23a41897ed42/external/+_repo_rules2+ubuntu24_04_sysroot_amd64/sysroot/usr/include/c++/13/bits/forward_list.h",326,"file:///media/jefferson/11c42dee-73a3-4c2b-ab42-a0440011d9e0/.s-core-build/runs/score-communication-bug-recovery-fw8j963z/bazel-inner/0ee02474a779b83b3b0b23a41897ed42/external/+_repo_rules2+ubuntu24_04_sysroot_amd64/sysroot/usr/include/c++/13/bits/forward_list.h:326:45:326:58"
"const_iterator",1,"/media/jefferson/11c42dee-73a3-4c2b-ab42-a0440011d9e0/.s-core-build/runs/score-communication-bug-recovery-fw8j963z/bazel-inner/0ee02474a779b83b3b0b23a41897ed42/external/+_repo_rules2+ubuntu24_04_sysroot_amd64/sysroot/usr/include/c++/13/bits/forward_list.h",459,"file:///media/jefferson/11c42dee-73a3-4c2b-ab42-a0440011d9e0/.s-core-build/runs/score-communication-bug-recovery-fw8j963z/bazel-inner/0ee02474a779b83b3b0b23a41897ed42/external/+_repo_rules2+ubuntu24_04_sysroot_amd64/sysroot/usr/include/c++/13/bits/forward_list.h:459:47:459:60"
"const_iterator",1,"/media/jefferson/11c42dee-73a3-4c2b-ab42-a0440011d9e0/.s-core-build/runs/score-communication-bug-recovery-fw8j963z/bazel-inner/0ee02474a779b83b3b0b23a41897ed42/external/+_repo_rules2+ubuntu24_04_sysroot_amd64/sysroot/usr/include/c++/13/bits/fs_path.h",532,"file:///media/jefferson/11c42dee-73a3-4c2b-ab42-a0440011d9e0/.s-core-build/runs/score-communication-bug-recovery-fw8j963z/bazel-inner/0ee02474a779b83b3b0b23a41897ed42/external/+_repo_rules2+ubuntu24_04_sysroot_amd64/sysroot/usr/include/c++/13/bits/fs_path.h:532:11:532:24"
"const_iterator",1,"/media/jefferson/11c42dee-73a3-4c2b-ab42-a0440011d9e0/.s-core-build/runs/score-communication-bug-recovery-fw8j963z/bazel-inner/0ee02474a779b83b3b0b23a41897ed42/external/+_repo_rules2+ubuntu24_04_sysroot_amd64/sysroot/usr/include/c++/13/bits/fs_path.h",682,"file:///media/jefferson/11c42dee-73a3-4c2b-ab42-a0440011d9e0/.s-core-build/runs/score-communication-bug-recovery-fw8j963z/bazel-inner/0ee02474a779b83b3b0b23a41897ed42/external/+_repo_rules2+ubuntu24_04_sysroot_amd64/sysroot/usr/include/c++/13/bits/fs_path.h:682:13:682:26"
"const_iterator",1,"/media/jefferson/11c42dee-73a3-4c2b-ab42-a0440011d9e0/.s-core-build/runs/score-communication-bug-recovery-fw8j963z/bazel-inner/0ee02474a779b83b3b0b23a41897ed42/external/nlohmann_json+/include/nlohmann/ordered_map.hpp",35,"file:///media/jefferson/11c42dee-73a3-4c2b-ab42-a0440011d9e0/.s-core-build/runs/score-communication-bug-recovery-fw8j963z/bazel-inner/0ee02474a779b83b3b0b23a41897ed42/external/nlohmann_json+/include/nlohmann/ordered_map.hpp:35:11:35:24"
"const_iterator",1,"/media/jefferson/11c42dee-73a3-4c2b-ab42-a0440011d9e0/.s-core-build/runs/score-communication-bug-recovery-fw8j963z/bazel-inner/0ee02474a779b83b3b0b23a41897ed42/external/score_baselibs+/score/language/futurecpp/include/score/circular_buffer.hpp",156,"file:///media/jefferson/11c42dee-73a3-4c2b-ab42-a0440011d9e0/.s-core-build/runs/score-communication-bug-recovery-fw8j963z/bazel-inner/0ee02474a779b83b3b0b23a41897ed42/external/score_baselibs+/score/language/futurecpp/include/score/circular_buffer.hpp:156:11:156:24"
"iterator",1,"/media/jefferson/11c42dee-73a3-4c2b-ab42-a0440011d9e0/.s-core-build/runs/score-communication-bug-recovery-fw8j963z/bazel-inner/0ee02474a779b83b3b0b23a41897ed42/external/+_repo_rules2+ubuntu24_04_sysroot_amd64/sysroot/usr/include/c++/13/bits/basic_string.h",105,"file:///media/jefferson/11c42dee-73a3-4c2b-ab42-a0440011d9e0/.s-core-build/runs/score-communication-bug-recovery-fw8j963z/bazel-inner/0ee02474a779b83b3b0b23a41897ed42/external/+_repo_rules2+ubuntu24_04_sysroot_amd64/sysroot/usr/include/c++/13/bits/basic_string.h:105:68:105:75"
"iterator",1,"/media/jefferson/11c42dee-73a3-4c2b-ab42-a0440011d9e0/.s-core-build/runs/score-communication-bug-recovery-fw8j963z/bazel-inner/0ee02474a779b83b3b0b23a41897ed42/external/+_repo_rules2+ubuntu24_04_sysroot_amd64/sysroot/usr/include/c++/13/initializer_list",52,"file:///media/jefferson/11c42dee-73a3-4c2b-ab42-a0440011d9e0/.s-core-build/runs/score-communication-bug-recovery-fw8j963z/bazel-inner/0ee02474a779b83b3b0b23a41897ed42/external/+_repo_rules2+ubuntu24_04_sysroot_amd64/sysroot/usr/include/c++/13/initializer_list:52:26:52:33"
"iterator",1,"/media/jefferson/11c42dee-73a3-4c2b-ab42-a0440011d9e0/.s-core-build/runs/score-communication-bug-recovery-fw8j963z/bazel-inner/0ee02474a779b83b3b0b23a41897ed42/external/+_repo_rules2+ubuntu24_04_sysroot_amd64/sysroot/usr/include/c++/13/bits/unordered_map.h",132,"file:///media/jefferson/11c42dee-73a3-4c2b-ab42-a0440011d9e0/.s-core-build/runs/score-communication-bug-recovery-fw8j963z/bazel-inner/0ee02474a779b83b3b0b23a41897ed42/external/+_repo_rules2+ubuntu24_04_sysroot_amd64/sysroot/usr/include/c++/13/bits/unordered_map.h:132:46:132:53"
"iterator",1,"/media/jefferson/11c42dee-73a3-4c2b-ab42-a0440011d9e0/.s-core-build/runs/score-communication-bug-recovery-fw8j963z/bazel-inner/0ee02474a779b83b3b0b23a41897ed42/external/+_repo_rules2+ubuntu24_04_sysroot_amd64/sysroot/usr/include/c++/13/bits/unordered_map.h",1277,"file:///media/jefferson/11c42dee-73a3-4c2b-ab42-a0440011d9e0/.s-core-build/runs/score-communication-bug-recovery-fw8j963z/bazel-inner/0ee02474a779b83b3b0b23a41897ed42/external/+_repo_rules2+ubuntu24_04_sysroot_amd64/sysroot/usr/include/c++/13/bits/unordered_map.h:1277:46:1277:53"
"iterator",1,"/media/jefferson/11c42dee-73a3-4c2b-ab42-a0440011d9e0/.s-core-build/runs/score-communication-bug-recovery-fw8j963z/bazel-inner/0ee02474a779b83b3b0b23a41897ed42/external/+_repo_rules2+ubuntu24_04_sysroot_amd64/sysroot/usr/include/c++/13/bits/hashtable.h",248,"file:///media/jefferson/11c42dee-73a3-4c2b-ab42-a0440011d9e0/.s-core-build/runs/score-communication-bug-recovery-fw8j963z/bazel-inner/0ee02474a779b83b3b0b23a41897ed42/external/+_repo_rules2+ubuntu24_04_sysroot_amd64/sysroot/usr/include/c++/13/bits/hashtable.h:248:13:248:20"
"iterator",1,"/media/jefferson/11c42dee-73a3-4c2b-ab42-a0440011d9e0/.s-core-build/runs/score-communication-bug-recovery-fw8j963z/bazel-inner/0ee02474a779b83b3b0b23a41897ed42/external/+_repo_rules2+ubuntu24_04_sysroot_amd64/sysroot/usr/include/c++/13/bits/hashtable_policy.h",917,"file:///media/jefferson/11c42dee-73a3-4c2b-ab42-a0440011d9e0/.s-core-build/runs/score-communication-bug-recovery-fw8j963z/bazel-inner/0ee02474a779b83b3b0b23a41897ed42/external/+_repo_rules2+ubuntu24_04_sysroot_amd64/sysroot/usr/include/c++/13/bits/hashtable_policy.h:917:13:917:20"
"iterator",1,"/media/jefferson/11c42dee-73a3-4c2b-ab42-a0440011d9e0/.s-core-build/runs/score-communication-bug-recovery-fw8j963z/bazel-inner/0ee02474a779b83b3b0b23a41897ed42/external/+_repo_rules2+ubuntu24_04_sysroot_amd64/sysroot/usr/include/c++/13/bits/hashtable_policy.h",1060,"file:///media/jefferson/11c42dee-73a3-4c2b-ab42-a0440011d9e0/.s-core-build/runs/score-communication-bug-recovery-fw8j963z/bazel-inner/0ee02474a779b83b3b0b23a41897ed42/external/+_repo_rules2+ubuntu24_04_sysroot_amd64/sysroot/usr/include/c++/13/bits/hashtable_policy.h:1060:13:1060:20"
"iterator",1,"/media/jefferson/11c42dee-73a3-4c2b-ab42-a0440011d9e0/.s-core-build/runs/score-communication-bug-recovery-fw8j963z/bazel-inner/0ee02474a779b83b3b0b23a41897ed42/external/+_repo_rules2+ubuntu24_04_sysroot_amd64/sysroot/usr/include/c++/13/bits/hashtable_policy.h",1102,"file:///media/jefferson/11c42dee-73a3-4c2b-ab42-a0440011d9e0/.s-core-build/runs/score-communication-bug-recovery-fw8j963z/bazel-inner/0ee02474a779b83b3b0b23a41897ed42/external/+_repo_rules2+ubuntu24_04_sysroot_amd64/sysroot/usr/include/c++/13/bits/hashtable_policy.h:1102:13:1102:20"
"iterator",1,"/media/jefferson/11c42dee-73a3-4c2b-ab42-a0440011d9e0/.s-core-build/runs/score-communication-bug-recovery-fw8j963z/bazel-inner/0ee02474a779b83b3b0b23a41897ed42/external/+_repo_rules2+ubuntu24_04_sysroot_amd64/sysroot/usr/include/c++/13/bits/stl_vector.h",458,"file:///media/jefferson/11c42dee-73a3-4c2b-ab42-a0440011d9e0/.s-core-build/runs/score-communication-bug-recovery-fw8j963z/bazel-inner/0ee02474a779b83b3b0b23a41897ed42/external/+_repo_rules2+ubuntu24_04_sysroot_amd64/sysroot/usr/include/c++/13/bits/stl_vector.h:458:61:458:68"
"iterator",1,"/media/jefferson/11c42dee-73a3-4c2b-ab42-a0440011d9e0/.s-core-build/runs/score-communication-bug-recovery-fw8j963z/bazel-inner/0ee02474a779b83b3b0b23a41897ed42/external/+_repo_rules2+ubuntu24_04_sysroot_amd64/sysroot/usr/include/c++/13/bits/stl_bvector.h",310,"file:///media/jefferson/11c42dee-73a3-4c2b-ab42-a0440011d9e0/.s-core-build/runs/score-communication-bug-recovery-fw8j963z/bazel-inner/0ee02474a779b83b3b0b23a41897ed42/external/+_repo_rules2+ubuntu24_04_sysroot_amd64/sysroot/usr/include/c++/13/bits/stl_bvector.h:310:29:310:36"
"iterator",1,"/media/jefferson/11c42dee-73a3-4c2b-ab42-a0440011d9e0/.s-core-build/runs/score-communication-bug-recovery-fw8j963z/bazel-inner/0ee02474a779b83b3b0b23a41897ed42/external/+_repo_rules2+ubuntu24_04_sysroot_amd64/sysroot/usr/include/c++/13/bits/stl_bvector.h",758,"file:///media/jefferson/11c42dee-73a3-4c2b-ab42-a0440011d9e0/.s-core-build/runs/score-communication-bug-recovery-fw8j963z/bazel-inner/0ee02474a779b83b3b0b23a41897ed42/external/+_repo_rules2+ubuntu24_04_sysroot_amd64/sysroot/usr/include/c++/13/bits/stl_bvector.h:758:32:758:39"
"iterator",1,"/media/jefferson/11c42dee-73a3-4c2b-ab42-a0440011d9e0/.s-core-build/runs/score-communication-bug-recovery-fw8j963z/bazel-inner/0ee02474a779b83b3b0b23a41897ed42/external/+_repo_rules2+ubuntu24_04_sysroot_amd64/sysroot/usr/include/c++/13/array",101,"file:///media/jefferson/11c42dee-73a3-4c2b-ab42-a0440011d9e0/.s-core-build/runs/score-communication-bug-recovery-fw8j963z/bazel-inner/0ee02474a779b83b3b0b23a41897ed42/external/+_repo_rules2+ubuntu24_04_sysroot_amd64/sysroot/usr/include/c++/13/array:101:44:101:51"
"iterator",1,"/media/jefferson/11c42dee-73a3-4c2b-ab42-a0440011d9e0/.s-core-build/runs/score-communication-bug-recovery-fw8j963z/bazel-inner/0ee02474a779b83b3b0b23a41897ed42/external/+_repo_rules2+ubuntu24_04_sysroot_amd64/sysroot/usr/include/c++/13/string_view",122,"file:///media/jefferson/11c42dee-73a3-4c2b-ab42-a0440011d9e0/.s-core-build/runs/score-communication-bug-recovery-fw8j963z/bazel-inner/0ee02474a779b83b3b0b23a41897ed42/external/+_repo_rules2+ubuntu24_04_sysroot_amd64/sysroot/usr/include/c++/13/string_view:122:13:122:20"
"iterator",1,"/media/jefferson/11c42dee-73a3-4c2b-ab42-a0440011d9e0/.s-core-build/runs/score-communication-bug-recovery-fw8j963z/bazel-inner/0ee02474a779b83b3b0b23a41897ed42/external/+_repo_rules2+ubuntu24_04_sysroot_amd64/sysroot/usr/include/c++/13/bits/stl_tempbuf.h",148,"file:///media/jefferson/11c42dee-73a3-4c2b-ab42-a0440011d9e0/.s-core-build/runs/score-communication-bug-recovery-fw8j963z/bazel-inner/0ee02474a779b83b3b0b23a41897ed42/external/+_repo_rules2+ubuntu24_04_sysroot_amd64/sysroot/usr/include/c++/13/bits/stl_tempbuf.h:148:27:148:34"
"iterator",1,"/media/jefferson/11c42dee-73a3-4c2b-ab42-a0440011d9e0/.s-core-build/runs/score-communication-bug-recovery-fw8j963z/bazel-inner/0ee02474a779b83b3b0b23a41897ed42/external/+_repo_rules2+ubuntu24_04_sysroot_amd64/sysroot/usr/include/c++/13/bits/stl_tree.h",334,"file:///media/jefferson/11c42dee-73a3-4c2b-ab42-a0440011d9e0/.s-core-build/runs/score-communication-bug-recovery-fw8j963z/bazel-inner/0ee02474a779b83b3b0b23a41897ed42/external/+_repo_rules2+ubuntu24_04_sysroot_amd64/sysroot/usr/include/c++/13/bits/stl_tree.h:334:38:334:45"
"iterator",1,"/media/jefferson/11c42dee-73a3-4c2b-ab42-a0440011d9e0/.s-core-build/runs/score-communication-bug-recovery-fw8j963z/bazel-inner/0ee02474a779b83b3b0b23a41897ed42/external/+_repo_rules2+ubuntu24_04_sysroot_amd64/sysroot/usr/include/c++/13/bits/stl_tree.h",817,"file:///media/jefferson/11c42dee-73a3-4c2b-ab42-a0440011d9e0/.s-core-build/runs/score-communication-bug-recovery-fw8j963z/bazel-inner/0ee02474a779b83b3b0b23a41897ed42/external/+_repo_rules2+ubuntu24_04_sysroot_amd64/sysroot/usr/include/c++/13/bits/stl_tree.h:817:51:817:58"
"iterator",1,"/media/jefferson/11c42dee-73a3-4c2b-ab42-a0440011d9e0/.s-core-build/runs/score-communication-bug-recovery-fw8j963z/bazel-inner/0ee02474a779b83b3b0b23a41897ed42/external/+_repo_rules2+ubuntu24_04_sysroot_amd64/sysroot/usr/include/c++/13/bits/stl_map.h",176,"file:///media/jefferson/11c42dee-73a3-4c2b-ab42-a0440011d9e0/.s-core-build/runs/score-communication-bug-recovery-fw8j963z/bazel-inner/0ee02474a779b83b3b0b23a41897ed42/external/+_repo_rules2+ubuntu24_04_sysroot_amd64/sysroot/usr/include/c++/13/bits/stl_map.h:176:46:176:53"
"iterator",1,"/media/jefferson/11c42dee-73a3-4c2b-ab42-a0440011d9e0/.s-core-build/runs/score-communication-bug-recovery-fw8j963z/bazel-inner/0ee02474a779b83b3b0b23a41897ed42/external/+_repo_rules2+ubuntu24_04_sysroot_amd64/sysroot/usr/include/c++/13/bits/stl_multimap.h",167,"file:///media/jefferson/11c42dee-73a3-4c2b-ab42-a0440011d9e0/.s-core-build/runs/score-communication-bug-recovery-fw8j963z/bazel-inner/0ee02474a779b83b3b0b23a41897ed42/external/+_repo_rules2+ubuntu24_04_sysroot_amd64/sysroot/usr/include/c++/13/bits/stl_multimap.h:167:46:167:53"
"iterator",1,"/media/jefferson/11c42dee-73a3-4c2b-ab42-a0440011d9e0/.s-core-build/runs/score-communication-bug-recovery-fw8j963z/bazel-inner/0ee02474a779b83b3b0b23a41897ed42/external/score_baselibs+/score/language/futurecpp/include/score/span.hpp",125,"file:///media/jefferson/11c42dee-73a3-4c2b-ab42-a0440011d9e0/.s-core-build/runs/score-communication-bug-recovery-fw8j963z/bazel-inner/0ee02474a779b83b3b0b23a41897ed42/external/score_baselibs+/score/language/futurecpp/include/score/span.hpp:125:11:125:18"
"iterator",1,"/media/jefferson/11c42dee-73a3-4c2b-ab42-a0440011d9e0/.s-core-build/runs/score-communication-bug-recovery-fw8j963z/bazel-inner/0ee02474a779b83b3b0b23a41897ed42/external/score_baselibs+/score/containers/intrusive_list.h",254,"file:///media/jefferson/11c42dee-73a3-4c2b-ab42-a0440011d9e0/.s-core-build/runs/score-communication-bug-recovery-fw8j963z/bazel-inner/0ee02474a779b83b3b0b23a41897ed42/external/score_baselibs+/score/containers/intrusive_list.h:254:11:254:18"
"iterator",1,"/media/jefferson/11c42dee-73a3-4c2b-ab42-a0440011d9e0/.s-core-build/runs/score-communication-bug-recovery-fw8j963z/bazel-inner/0ee02474a779b83b3b0b23a41897ed42/external/score_baselibs+/score/containers/dynamic_array.h",65,"file:///media/jefferson/11c42dee-73a3-4c2b-ab42-a0440011d9e0/.s-core-build/runs/score-communication-bug-recovery-fw8j963z/bazel-inner/0ee02474a779b83b3b0b23a41897ed42/external/score_baselibs+/score/containers/dynamic_array.h:65:11:65:18"
"iterator",1,"/media/jefferson/11c42dee-73a3-4c2b-ab42-a0440011d9e0/.s-core-build/runs/score-communication-bug-recovery-fw8j963z/bazel-inner/0ee02474a779b83b3b0b23a41897ed42/external/score_baselibs+/score/containers/non_relocatable_vector.h",115,"file:///media/jefferson/11c42dee-73a3-4c2b-ab42-a0440011d9e0/.s-core-build/runs/score-communication-bug-recovery-fw8j963z/bazel-inner/0ee02474a779b83b3b0b23a41897ed42/external/score_baselibs+/score/containers/non_relocatable_vector.h:115:11:115:18"
"iterator",1,"/media/jefferson/11c42dee-73a3-4c2b-ab42-a0440011d9e0/.s-core-build/runs/score-communication-bug-recovery-fw8j963z/bazel-inner/0ee02474a779b83b3b0b23a41897ed42/external/score_baselibs+/score/language/futurecpp/include/score/string_view.hpp",53,"file:///media/jefferson/11c42dee-73a3-4c2b-ab42-a0440011d9e0/.s-core-build/runs/score-communication-bug-recovery-fw8j963z/bazel-inner/0ee02474a779b83b3b0b23a41897ed42/external/score_baselibs+/score/language/futurecpp/include/score/string_view.hpp:53:11:53:18"
"iterator",1,"/media/jefferson/11c42dee-73a3-4c2b-ab42-a0440011d9e0/.s-core-build/runs/score-communication-bug-recovery-fw8j963z/bazel-inner/0ee02474a779b83b3b0b23a41897ed42/external/+_repo_rules2+ubuntu24_04_sysroot_amd64/sysroot/usr/include/c++/13/bits/stl_set.h",149,"file:///media/jefferson/11c42dee-73a3-4c2b-ab42-a0440011d9e0/.s-core-build/runs/score-communication-bug-recovery-fw8j963z/bazel-inner/0ee02474a779b83b3b0b23a41897ed42/external/+_repo_rules2+ubuntu24_04_sysroot_amd64/sysroot/usr/include/c++/13/bits/stl_set.h:149:51:149:58"
"iterator",1,"/media/jefferson/11c42dee-73a3-4c2b-ab42-a0440011d9e0/.s-core-build/runs/score-communication-bug-recovery-fw8j963z/bazel-inner/0ee02474a779b83b3b0b23a41897ed42/external/+_repo_rules2+ubuntu24_04_sysroot_amd64/sysroot/usr/include/c++/13/bits/stl_multiset.h",147,"file:///media/jefferson/11c42dee-73a3-4c2b-ab42-a0440011d9e0/.s-core-build/runs/score-communication-bug-recovery-fw8j963z/bazel-inner/0ee02474a779b83b3b0b23a41897ed42/external/+_repo_rules2+ubuntu24_04_sysroot_amd64/sysroot/usr/include/c++/13/bits/stl_multiset.h:147:51:147:58"
"iterator",1,"/media/jefferson/11c42dee-73a3-4c2b-ab42-a0440011d9e0/.s-core-build/runs/score-communication-bug-recovery-fw8j963z/bazel-inner/0ee02474a779b83b3b0b23a41897ed42/external/+_repo_rules2+ubuntu24_04_sysroot_amd64/sysroot/usr/include/c++/13/bits/stl_list.h",342,"file:///media/jefferson/11c42dee-73a3-4c2b-ab42-a0440011d9e0/.s-core-build/runs/score-communication-bug-recovery-fw8j963z/bazel-inner/0ee02474a779b83b3b0b23a41897ed42/external/+_repo_rules2+ubuntu24_04_sysroot_amd64/sysroot/usr/include/c++/13/bits/stl_list.h:342:36:342:43"
"iterator",1,"/media/jefferson/11c42dee-73a3-4c2b-ab42-a0440011d9e0/.s-core-build/runs/score-communication-bug-recovery-fw8j963z/bazel-inner/0ee02474a779b83b3b0b23a41897ed42/external/+_repo_rules2+ubuntu24_04_sysroot_amd64/sysroot/usr/include/c++/13/bits/stl_list.h",664,"file:///media/jefferson/11c42dee-73a3-4c2b-ab42-a0440011d9e0/.s-core-build/runs/score-communication-bug-recovery-fw8j963z/bazel-inner/0ee02474a779b83b3b0b23a41897ed42/external/+_repo_rules2+ubuntu24_04_sysroot_amd64/sysroot/usr/include/c++/13/bits/stl_list.h:664:38:664:45"
"iterator",1,"/media/jefferson/11c42dee-73a3-4c2b-ab42-a0440011d9e0/.s-core-build/runs/score-communication-bug-recovery-fw8j963z/bazel-inner/0ee02474a779b83b3b0b23a41897ed42/external/+_repo_rules2+ubuntu24_04_sysroot_amd64/sysroot/usr/include/c++/13/bits/unordered_set.h",126,"file:///media/jefferson/11c42dee-73a3-4c2b-ab42-a0440011d9e0/.s-core-build/runs/score-communication-bug-recovery-fw8j963z/bazel-inner/0ee02474a779b83b3b0b23a41897ed42/external/+_repo_rules2+ubuntu24_04_sysroot_amd64/sysroot/usr/include/c++/13/bits/unordered_set.h:126:46:126:53"
"iterator",1,"/media/jefferson/11c42dee-73a3-4c2b-ab42-a0440011d9e0/.s-core-build/runs/score-communication-bug-recovery-fw8j963z/bazel-inner/0ee02474a779b83b3b0b23a41897ed42/external/+_repo_rules2+ubuntu24_04_sysroot_amd64/sysroot/usr/include/c++/13/bits/unordered_set.h",994,"file:///media/jefferson/11c42dee-73a3-4c2b-ab42-a0440011d9e0/.s-core-build/runs/score-communication-bug-recovery-fw8j963z/bazel-inner/0ee02474a779b83b3b0b23a41897ed42/external/+_repo_rules2+ubuntu24_04_sysroot_amd64/sysroot/usr/include/c++/13/bits/unordered_set.h:994:46:994:53"
"iterator",1,"/media/jefferson/11c42dee-73a3-4c2b-ab42-a0440011d9e0/.s-core-build/runs/score-communication-bug-recovery-fw8j963z/baseline-check/score/mw/com/impl/bindings/lola/linear_search_map.h",77,"file:///media/jefferson/11c42dee-73a3-4c2b-ab42-a0440011d9e0/.s-core-build/runs/score-communication-bug-recovery-fw8j963z/baseline-check/score/mw/com/impl/bindings/lola/linear_search_map.h:77:11:77:18"
"iterator",1,"/media/jefferson/11c42dee-73a3-4c2b-ab42-a0440011d9e0/.s-core-build/runs/score-communication-bug-recovery-fw8j963z/bazel-inner/0ee02474a779b83b3b0b23a41897ed42/external/+_repo_rules2+ubuntu24_04_sysroot_amd64/sysroot/usr/include/c++/13/bits/stl_deque.h",125,"file:///media/jefferson/11c42dee-73a3-4c2b-ab42-a0440011d9e0/.s-core-build/runs/score-communication-bug-recovery-fw8j963z/bazel-inner/0ee02474a779b83b3b0b23a41897ed42/external/+_repo_rules2+ubuntu24_04_sysroot_amd64/sysroot/usr/include/c++/13/bits/stl_deque.h:125:33:125:40"
"iterator",1,"/media/jefferson/11c42dee-73a3-4c2b-ab42-a0440011d9e0/.s-core-build/runs/score-communication-bug-recovery-fw8j963z/bazel-inner/0ee02474a779b83b3b0b23a41897ed42/external/+_repo_rules2+ubuntu24_04_sysroot_amd64/sysroot/usr/include/c++/13/bits/stl_deque.h",455,"file:///media/jefferson/11c42dee-73a3-4c2b-ab42-a0440011d9e0/.s-core-build/runs/score-communication-bug-recovery-fw8j963z/bazel-inner/0ee02474a779b83b3b0b23a41897ed42/external/+_repo_rules2+ubuntu24_04_sysroot_amd64/sysroot/usr/include/c++/13/bits/stl_deque.h:455:50:455:57"
"iterator",1,"/media/jefferson/11c42dee-73a3-4c2b-ab42-a0440011d9e0/.s-core-build/runs/score-communication-bug-recovery-fw8j963z/bazel-inner/0ee02474a779b83b3b0b23a41897ed42/external/+_repo_rules2+ubuntu24_04_sysroot_amd64/sysroot/usr/include/c++/13/bits/stl_deque.h",819,"file:///media/jefferson/11c42dee-73a3-4c2b-ab42-a0440011d9e0/.s-core-build/runs/score-communication-bug-recovery-fw8j963z/bazel-inner/0ee02474a779b83b3b0b23a41897ed42/external/+_repo_rules2+ubuntu24_04_sysroot_amd64/sysroot/usr/include/c++/13/bits/stl_deque.h:819:42:819:49"
"iterator",1,"/media/jefferson/11c42dee-73a3-4c2b-ab42-a0440011d9e0/.s-core-build/runs/score-communication-bug-recovery-fw8j963z/baseline-check/score/mw/com/impl/bindings/lola/methods/method_resource_map.h",58,"file:///media/jefferson/11c42dee-73a3-4c2b-ab42-a0440011d9e0/.s-core-build/runs/score-communication-bug-recovery-fw8j963z/baseline-check/score/mw/com/impl/bindings/lola/methods/method_resource_map.h:58:11:58:18"
"iterator",1,"/media/jefferson/11c42dee-73a3-4c2b-ab42-a0440011d9e0/.s-core-build/runs/score-communication-bug-recovery-fw8j963z/bazel-inner/0ee02474a779b83b3b0b23a41897ed42/external/score_baselibs+/score/language/futurecpp/include/score/inplace_vector.hpp",131,"file:///media/jefferson/11c42dee-73a3-4c2b-ab42-a0440011d9e0/.s-core-build/runs/score-communication-bug-recovery-fw8j963z/bazel-inner/0ee02474a779b83b3b0b23a41897ed42/external/score_baselibs+/score/language/futurecpp/include/score/inplace_vector.hpp:131:11:131:18"
"iterator",1,"/media/jefferson/11c42dee-73a3-4c2b-ab42-a0440011d9e0/.s-core-build/runs/score-communication-bug-recovery-fw8j963z/baseline-check/score/mw/com/impl/service_element_map_view.h",43,"file:///media/jefferson/11c42dee-73a3-4c2b-ab42-a0440011d9e0/.s-core-build/runs/score-communication-bug-recovery-fw8j963z/baseline-check/score/mw/com/impl/service_element_map_view.h:43:11:43:18"
"iterator",1,"/media/jefferson/11c42dee-73a3-4c2b-ab42-a0440011d9e0/.s-core-build/runs/score-communication-bug-recovery-fw8j963z/bazel-inner/0ee02474a779b83b3b0b23a41897ed42/external/nlohmann_json+/include/nlohmann/json.hpp",228,"file:///media/jefferson/11c42dee-73a3-4c2b-ab42-a0440011d9e0/.s-core-build/runs/score-communication-bug-recovery-fw8j963z/bazel-inner/0ee02474a779b83b3b0b23a41897ed42/external/nlohmann_json+/include/nlohmann/json.hpp:228:11:228:18"
"iterator",1,"/media/jefferson/11c42dee-73a3-4c2b-ab42-a0440011d9e0/.s-core-build/runs/score-communication-bug-recovery-fw8j963z/bazel-inner/0ee02474a779b83b3b0b23a41897ed42/external/+_repo_rules2+ubuntu24_04_sysroot_amd64/sysroot/usr/include/c++/13/bits/forward_list.h",218,"file:///media/jefferson/11c42dee-73a3-4c2b-ab42-a0440011d9e0/.s-core-build/runs/score-communication-bug-recovery-fw8j963z/bazel-inner/0ee02474a779b83b3b0b23a41897ed42/external/+_repo_rules2+ubuntu24_04_sysroot_amd64/sysroot/usr/include/c++/13/bits/forward_list.h:218:40:218:47"
"iterator",1,"/media/jefferson/11c42dee-73a3-4c2b-ab42-a0440011d9e0/.s-core-build/runs/score-communication-bug-recovery-fw8j963z/bazel-inner/0ee02474a779b83b3b0b23a41897ed42/external/+_repo_rules2+ubuntu24_04_sysroot_amd64/sysroot/usr/include/c++/13/bits/forward_list.h",325,"file:///media/jefferson/11c42dee-73a3-4c2b-ab42-a0440011d9e0/.s-core-build/runs/score-communication-bug-recovery-fw8j963z/bazel-inner/0ee02474a779b83b3b0b23a41897ed42/external/+_repo_rules2+ubuntu24_04_sysroot_amd64/sysroot/usr/include/c++/13/bits/forward_list.h:325:40:325:47"
"iterator",1,"/media/jefferson/11c42dee-73a3-4c2b-ab42-a0440011d9e0/.s-core-build/runs/score-communication-bug-recovery-fw8j963z/bazel-inner/0ee02474a779b83b3b0b23a41897ed42/external/+_repo_rules2+ubuntu24_04_sysroot_amd64/sysroot/usr/include/c++/13/bits/forward_list.h",458,"file:///media/jefferson/11c42dee-73a3-4c2b-ab42-a0440011d9e0/.s-core-build/runs/score-communication-bug-recovery-fw8j963z/bazel-inner/0ee02474a779b83b3b0b23a41897ed42/external/+_repo_rules2+ubuntu24_04_sysroot_amd64/sysroot/usr/include/c++/13/bits/forward_list.h:458:42:458:49"
"iterator",1,"/media/jefferson/11c42dee-73a3-4c2b-ab42-a0440011d9e0/.s-core-build/runs/score-communication-bug-recovery-fw8j963z/bazel-inner/0ee02474a779b83b3b0b23a41897ed42/external/nlohmann_json+/include/nlohmann/detail/meta/type_traits.hpp",317,"file:///media/jefferson/11c42dee-73a3-4c2b-ab42-a0440011d9e0/.s-core-build/runs/score-communication-bug-recovery-fw8j963z/bazel-inner/0ee02474a779b83b3b0b23a41897ed42/external/nlohmann_json+/include/nlohmann/detail/meta/type_traits.hpp:317:11:317:18"
"iterator",1,"/media/jefferson/11c42dee-73a3-4c2b-ab42-a0440011d9e0/.s-core-build/runs/score-communication-bug-recovery-fw8j963z/bazel-inner/0ee02474a779b83b3b0b23a41897ed42/external/+_repo_rules2+ubuntu24_04_sysroot_amd64/sysroot/usr/include/c++/13/bits/fs_path.h",681,"file:///media/jefferson/11c42dee-73a3-4c2b-ab42-a0440011d9e0/.s-core-build/runs/score-communication-bug-recovery-fw8j963z/bazel-inner/0ee02474a779b83b3b0b23a41897ed42/external/+_repo_rules2+ubuntu24_04_sysroot_amd64/sysroot/usr/include/c++/13/bits/fs_path.h:681:13:681:20"
"iterator",1,"/media/jefferson/11c42dee-73a3-4c2b-ab42-a0440011d9e0/.s-core-build/runs/score-communication-bug-recovery-fw8j963z/bazel-inner/0ee02474a779b83b3b0b23a41897ed42/external/nlohmann_json+/include/nlohmann/ordered_map.hpp",34,"file:///media/jefferson/11c42dee-73a3-4c2b-ab42-a0440011d9e0/.s-core-build/runs/score-communication-bug-recovery-fw8j963z/bazel-inner/0ee02474a779b83b3b0b23a41897ed42/external/nlohmann_json+/include/nlohmann/ordered_map.hpp:34:11:34:18"
"iterator",1,"/media/jefferson/11c42dee-73a3-4c2b-ab42-a0440011d9e0/.s-core-build/runs/score-communication-bug-recovery-fw8j963z/bazel-inner/0ee02474a779b83b3b0b23a41897ed42/external/score_baselibs+/score/language/futurecpp/include/score/circular_buffer.hpp",153,"file:///media/jefferson/11c42dee-73a3-4c2b-ab42-a0440011d9e0/.s-core-build/runs/score-communication-bug-recovery-fw8j963z/bazel-inner/0ee02474a779b83b3b0b23a41897ed42/external/score_baselibs+/score/language/futurecpp/include/score/circular_buffer.hpp:153:11:153:18"
"Result",1,"/media/jefferson/11c42dee-73a3-4c2b-ab42-a0440011d9e0/.s-core-build/runs/score-communication-bug-recovery-fw8j963z/bazel-inner/0ee02474a779b83b3b0b23a41897ed42/external/score_baselibs+/score/os/errno.h",152,"file:///media/jefferson/11c42dee-73a3-4c2b-ab42-a0440011d9e0/.s-core-build/runs/score-communication-bug-recovery-fw8j963z/bazel-inner/0ee02474a779b83b3b0b23a41897ed42/external/score_baselibs+/score/os/errno.h:152:7:152:12"
"Result",1,"/media/jefferson/11c42dee-73a3-4c2b-ab42-a0440011d9e0/.s-core-build/runs/score-communication-bug-recovery-fw8j963z/bazel-inner/0ee02474a779b83b3b0b23a41897ed42/external/score_baselibs+/score/result/result.h",34,"file:///media/jefferson/11c42dee-73a3-4c2b-ab42-a0440011d9e0/.s-core-build/runs/score-communication-bug-recovery-fw8j963z/bazel-inner/0ee02474a779b83b3b0b23a41897ed42/external/score_baselibs+/score/result/result.h:34:7:34:12"
"expected_blank",1,"/media/jefferson/11c42dee-73a3-4c2b-ab42-a0440011d9e0/.s-core-build/runs/score-communication-bug-recovery-fw8j963z/bazel-inner/0ee02474a779b83b3b0b23a41897ed42/external/score_baselibs+/score/language/futurecpp/include/score/expected.hpp",762,"file:///media/jefferson/11c42dee-73a3-4c2b-ab42-a0440011d9e0/.s-core-build/runs/score-communication-bug-recovery-fw8j963z/bazel-inner/0ee02474a779b83b3b0b23a41897ed42/external/score_baselibs+/score/language/futurecpp/include/score/expected.hpp:762:7:762:20"
"FindServiceHandler",1,"/media/jefferson/11c42dee-73a3-4c2b-ab42-a0440011d9e0/.s-core-build/runs/score-communication-bug-recovery-fw8j963z/baseline-check/score/mw/com/impl/find_service_handler.h",41,"file:///media/jefferson/11c42dee-73a3-4c2b-ab42-a0440011d9e0/.s-core-build/runs/score-communication-bug-recovery-fw8j963z/baseline-check/score/mw/com/impl/find_service_handler.h:41:7:41:24"
"FindServiceHandler",1,"/media/jefferson/11c42dee-73a3-4c2b-ab42-a0440011d9e0/.s-core-build/runs/score-communication-bug-recovery-fw8j963z/baseline-check/score/mw/com/types.h",79,"file:///media/jefferson/11c42dee-73a3-4c2b-ab42-a0440011d9e0/.s-core-build/runs/score-communication-bug-recovery-fw8j963z/baseline-check/score/mw/com/types.h:79:7:79:24"
