5,1,15,1,5,"display_init@12-16@az3166/src/display.c","az3166/src/display.c","display_init","display_init( void)",12,16
1,1,9,1,1,"display_available@18-18@az3166/src/display.c","az3166/src/display.c","display_available","display_available( void)",18,18
1,1,18,1,1,"display_clear@20-20@az3166/src/display.c","az3166/src/display.c","display_clear","display_clear( void)",20,20
13,9,172,2,13,"display_text@22-34@az3166/src/display.c","az3166/src/display.c","display_text","display_text( unsigned row , const char * text)",22,34
6,4,42,1,6,"display_flush@36-41@az3166/src/display.c","az3166/src/display.c","display_flush","display_flush( void)",36,41
7,7,60,1,7,"hex_value@5-11@az3166/src/slcan.c","az3166/src/slcan.c","hex_value","hex_value( char c)",5,11
10,3,78,3,10,"parse_hex@13-22@az3166/src/slcan.c","az3166/src/slcan.c","parse_hex","parse_hex( const char * text , size_t digits , unsigned long * value)",13,22
22,17,262,3,22,"parse_frame@24-45@az3166/src/slcan.c","az3166/src/slcan.c","parse_frame","parse_frame( const char * line , size_t length , struct can_frame * frame)",24,45
34,22,294,3,34,"slcan_parse@47-80@az3166/src/slcan.c","az3166/src/slcan.c","slcan_parse","slcan_parse( const char * line , size_t length , struct slcan_command * command)",47,80
22,14,287,3,22,"slcan_format@82-103@az3166/src/slcan.c","az3166/src/slcan.c","slcan_format","slcan_format( const struct can_frame * frame , char * line , size_t capacity)",82,103
6,1,25,1,6,"irq_save@59-64@az3166/src/board.c","az3166/src/board.c","irq_save","irq_save( void)",59,64
4,1,20,1,4,"irq_restore@66-69@az3166/src/board.c","az3166/src/board.c","irq_restore","irq_restore( uint32_t primask)",66,69
9,2,125,4,9,"pin_mode@71-79@az3166/src/board.c","az3166/src/board.c","pin_mode","pin_mode( uint32_t port , unsigned pin , unsigned mode , unsigned af)",71,79
4,2,38,3,4,"pin_write@81-84@az3166/src/board.c","az3166/src/board.c","pin_write","pin_write( uint32_t port , unsigned pin , bool high)",81,84
12,4,159,1,14,"clock_init@86-99@az3166/src/board.c","az3166/src/board.c","clock_init","clock_init( void)",86,99
22,1,190,1,23,"board_init@101-123@az3166/src/board.c","az3166/src/board.c","board_init","board_init( void)",101,123
5,1,28,2,5,"board_lamps@125-129@az3166/src/board.c","az3166/src/board.c","board_lamps","board_lamps( bool reverse , bool brake)",125,129
1,1,16,1,1,"board_link_led@131-131@az3166/src/board.c","az3166/src/board.c","board_link_led","board_link_led( bool on)",131,131
1,1,16,1,1,"board_heartbeat_led@132-132@az3166/src/board.c","az3166/src/board.c","board_heartbeat_led","board_heartbeat_led( bool on)",132,132
8,2,38,1,8,"board_fault@134-141@az3166/src/board.c","az3166/src/board.c","board_fault","board_fault( void)",134,141
11,1,68,1,11,"board_uart_start@150-160@az3166/src/board.c","az3166/src/board.c","board_uart_start","board_uart_start( void(*on_byte)(unsigned char byte))",150,160
15,3,110,2,15,"board_uart_write@162-176@az3166/src/board.c","az3166/src/board.c","board_uart_write","board_uart_write( const char * data , size_t length)",162,176
1,1,9,1,1,"board_uart_overruns@178-178@az3166/src/board.c","az3166/src/board.c","board_uart_overruns","board_uart_overruns( void)",178,178
17,8,105,1,17,"USART6_IRQHandler@180-196@az3166/src/board.c","az3166/src/board.c","USART6_IRQHandler","USART6_IRQHandler( void)",180,196
11,4,64,1,11,"i2c_wait@199-209@az3166/src/board.c","az3166/src/board.c","i2c_wait","i2c_wait( uint32_t mask)",199,209
16,6,129,3,16,"i2c_write@211-226@az3166/src/board.c","az3166/src/board.c","i2c_write","i2c_write( unsigned char control , const unsigned char * data , size_t length)",211,226
20,2,221,1,20,"board_oled_init@228-247@az3166/src/board.c","az3166/src/board.c","board_oled_init","board_oled_init( void)",228,247
5,3,64,1,5,"board_oled_page@249-253@az3166/src/board.c","az3166/src/board.c","board_oled_page","board_oled_page( unsigned page , const unsigned char columns [ 128 ])",249,253
4,2,17,1,4,"require_tx@46-49@az3166/src/main.c","az3166/src/main.c","require_tx","require_tx( UINT result)",46,49
5,1,17,1,5,"stack_error@51-55@az3166/src/main.c","az3166/src/main.c","stack_error","stack_error( TX_THREAD * thread)",51,55
5,2,31,1,5,"on_uart_byte@57-61@az3166/src/main.c","az3166/src/main.c","on_uart_byte","on_uart_byte( unsigned char byte)",57,61
10,3,68,2,10,"uart_send@64-73@az3166/src/main.c","az3166/src/main.c","uart_send","uart_send( const char * line , size_t length)",64,73
1,1,19,1,1,"reply@75-75@az3166/src/main.c","az3166/src/main.c","reply","reply( const char * text)",75,75
6,3,46,1,6,"publish@77-82@az3166/src/main.c","az3166/src/main.c","publish","publish( const struct can_frame * frame)",77,82
5,1,22,1,5,"heartbeat@84-88@az3166/src/main.c","az3166/src/main.c","heartbeat","heartbeat( ULONG argument)",84,88
8,2,50,1,8,"set_link@90-97@az3166/src/main.c","az3166/src/main.c","set_link","set_link( bool open)",90,97
39,18,313,3,40,"handle_line@99-138@az3166/src/main.c","az3166/src/main.c","handle_line","handle_line( const char * line , size_t length , bool overlong)",99,138
22,7,129,1,22,"ingress_entry@140-161@az3166/src/main.c","az3166/src/main.c","ingress_entry","ingress_entry( ULONG argument)",140,161
12,1,101,2,12,"apply@163-174@az3166/src/main.c","az3166/src/main.c","apply","apply( const struct can_frame * output , bool stale)",163,174
53,17,445,1,53,"control_entry@176-228@az3166/src/main.c","az3166/src/main.c","control_entry","control_entry( ULONG argument)",176,228
1,2,29,2,1,"append@230-230@az3166/src/main.c","az3166/src/main.c","append","append( char ** out , const char * text)",230,230
7,3,70,2,7,"append_number@232-238@az3166/src/main.c","az3166/src/main.c","append_number","append_number( char ** out , unsigned long value)",232,238
33,8,248,1,33,"display_entry@240-272@az3166/src/main.c","az3166/src/main.c","display_entry","display_entry( ULONG argument)",240,272
19,1,220,1,19,"tx_application_define@274-292@az3166/src/main.c","az3166/src/main.c","tx_application_define","tx_application_define( void * first_unused_memory)",274,292
6,1,17,1,6,"main@294-299@az3166/src/main.c","az3166/src/main.c","main","main( void)",294,299
7,1,69,1,7,"Reset_Handler@13-19@az3166/src/startup.c","az3166/src/startup.c","Reset_Handler","Reset_Handler( void)",13,19
1,1,10,1,1,"fault_handler@22-22@az3166/src/startup.c","az3166/src/startup.c","fault_handler","fault_handler( void)",22,22
6,1,34,1,6,"lights_off@5-10@src/lights_protocol.c","src/lights_protocol.c","lights_off","lights_off( struct can_frame * output)",5,10
8,3,61,2,8,"lights_decode@12-19@src/lights_protocol.c","src/lights_protocol.c","lights_decode","lights_decode( const struct can_frame * input , struct can_frame * output)",12,19
