required_context,observed_state,evidence_url
eclipsefdn/eca,success,https://api.eclipse.org/git/eca/status/gh/eclipse-score/communication/1335
GCC15 / Build & Test,not_reported,
QCC - Build & Test,completed:skipped,https://github.com/eclipse-score/communication/actions/runs/37633682355/job/112834259075
Address & Undefined Behavior Sanitizer / Build & Test,not_reported,
Thread Sanitizer / Build & Test,not_reported,
Linters / clang-tidy,not_reported,
Linters / clippy,not_reported,
Linters / ruff,not_reported,
review-checklists,success,
