9,8,87,1,9,"_check_encodable@31-39@src/slcan.py","src/slcan.py","_check_encodable","_check_encodable( message : can . Message )",31,39
7,3,75,1,7,"encode@42-48@src/slcan.py","src/slcan.py","encode","encode( message : can . Message )",42,48
20,11,214,1,20,"decode@51-70@src/slcan.py","src/slcan.py","decode","decode( line : bytes )",51,70
3,1,19,1,3,"__init__@81-83@src/slcan.py","src/slcan.py","__init__","__init__( self )",81,83
19,10,135,2,19,"feed@85-103@src/slcan.py","src/slcan.py","feed","feed( self , data : bytes )",85,103
3,1,24,1,3,"tokens@106-108@src/slcan.py","src/slcan.py","tokens","tokens( data : bytes )",106,108
2,2,26,1,2,"_int@46-47@src/serial2can_bridge.py","src/serial2can_bridge.py","_int","_int( value )",46,47
6,4,75,2,6,"__init__@58-63@src/serial2can_bridge.py","src/serial2can_bridge.py","__init__","__init__( self , entries : list [ dict ] | None )",58,63
5,5,56,2,5,"matches@65-69@src/serial2can_bridge.py","src/serial2can_bridge.py","matches","matches( self , message : can . Message )",65,69
4,1,40,2,4,"__init__@80-83@src/serial2can_bridge.py","src/serial2can_bridge.py","__init__","__init__( self , window_s : float )",80,83
3,1,34,1,3,"_signature@86-88@src/serial2can_bridge.py","src/serial2can_bridge.py","_signature","_signature( message : can . Message )",86,88
3,1,43,2,3,"sent@90-92@src/serial2can_bridge.py","src/serial2can_bridge.py","sent","sent( self , message : can . Message )",90,92
10,5,90,2,10,"is_echo@94-103@src/serial2can_bridge.py","src/serial2can_bridge.py","is_echo","is_echo( self , message : can . Message )",94,103
24,2,310,2,24,"__init__@109-132@src/serial2can_bridge.py","src/serial2can_bridge.py","__init__","__init__( self , config : dict , bridge : 'Serial2CanBridge' )",109,132
3,1,21,1,3,"start@135-137@src/serial2can_bridge.py","src/serial2can_bridge.py","start","start( self )",135,137
16,6,121,1,16,"close@139-154@src/serial2can_bridge.py","src/serial2can_bridge.py","close","close( self )",139,154
11,4,76,2,11,"enqueue@156-166@src/serial2can_bridge.py","src/serial2can_bridge.py","enqueue","enqueue( self , message : can . Message )",156,166
3,5,62,1,3,"_resolve_device@169-171@src/serial2can_bridge.py","src/serial2can_bridge.py","_resolve_device","_resolve_device( self )",169,171
15,8,158,4,15,"_command@173-187@src/serial2can_bridge.py","src/serial2can_bridge.py","_command","_command( self , port : serial . Serial , command : str , timeout : float = 1 . 0 )",173,187
13,5,143,2,13,"_handshake@189-201@src/serial2can_bridge.py","src/serial2can_bridge.py","_handshake","_handshake( self , port : serial . Serial )",189,201
8,3,50,1,8,"_read_loop@203-210@src/serial2can_bridge.py","src/serial2can_bridge.py","_read_loop","_read_loop( self )",203,210
11,3,85,1,11,"_open@212-222@src/serial2can_bridge.py","src/serial2can_bridge.py","_open","_open( self )",212,222
19,9,164,2,19,"_serve@224-242@src/serial2can_bridge.py","src/serial2can_bridge.py","_serve","_serve( self , port : serial . Serial )",224,242
11,3,58,3,11,"_end_session@244-254@src/serial2can_bridge.py","src/serial2can_bridge.py","_end_session","_end_session( self , port : serial . Serial , established : bool )",244,254
7,3,33,1,7,"_drain_queue@256-262@src/serial2can_bridge.py","src/serial2can_bridge.py","_drain_queue","_drain_queue( self )",256,262
18,7,143,2,18,"_handle@264-281@src/serial2can_bridge.py","src/serial2can_bridge.py","_handle","_handle( self , token : bytes | None )",264,281
22,7,166,1,22,"_write_loop@283-304@src/serial2can_bridge.py","src/serial2can_bridge.py","_write_loop","_write_loop( self )",283,304
20,7,222,2,20,"__init__@308-327@src/serial2can_bridge.py","src/serial2can_bridge.py","__init__","__init__( self , config : dict )",308,327
15,5,125,3,16,"from_serial@329-344@src/serial2can_bridge.py","src/serial2can_bridge.py","from_serial","from_serial( self , source : SerialLink , message : can . Message )",329,344
16,7,126,1,16,"run@346-361@src/serial2can_bridge.py","src/serial2can_bridge.py","run","run( self )",346,361
10,5,64,2,10,"_dispatch@363-372@src/serial2can_bridge.py","src/serial2can_bridge.py","_dispatch","_dispatch( self , message : can . Message )",363,372
3,2,68,1,3,"log_stats@374-376@src/serial2can_bridge.py","src/serial2can_bridge.py","log_stats","log_stats( self )",374,376
7,2,44,1,7,"shutdown@378-384@src/serial2can_bridge.py","src/serial2can_bridge.py","shutdown","shutdown( self )",378,384
11,6,102,1,11,"load_config@387-397@src/serial2can_bridge.py","src/serial2can_bridge.py","load_config","load_config( path : Path , overrides : list [ str ] )",387,397
3,1,20,2,3,"main.request_stop@410-412@src/serial2can_bridge.py","src/serial2can_bridge.py","main.request_stop","main.request_stop( signum , frame )",410,412
14,1,157,1,18,"main@400-417@src/serial2can_bridge.py","src/serial2can_bridge.py","main","main( argv : list [ str ] | None = None )",400,417
