"label","name","nlocs","ndecls","inst","base","locs"
"iterator","iterator",0,0,"instantiation","const char *",""
"iterator","iterator",0,0,"instantiation","bool *",""
"iterator","iterator",0,0,"instantiation","value_type *",""
"iterator","iterator",0,0,"instantiation","__iter",""
"iterator","iterator",0,0,"instantiation","const_iterator",""
"iterator","iterator",0,0,"instantiation","iterator",""
"iterator","iterator",0,0,"instantiation","__normal_iterator<DataTypeSizeInfo *, vector<DataTypeSizeInfo, allocator<DataTypeSizeInfo>>>",""
"iterator","iterator",0,0,"instantiation","int *",""
"iterator","iterator",0,0,"instantiation","_Node_iterator<pair<const unsigned long, ManagedMemoryResource *>, false, false>",""
"iterator","iterator",0,0,"instantiation","const pair<const unsigned long, ManagedMemoryResource *> *",""
"iterator","iterator",0,0,"instantiation","_Bit_iterator",""
"iterator","iterator",0,0,"instantiation","_Rb_tree_iterator<pair<void *const, AllocateInfo>>",""
"iterator","iterator",0,0,"instantiation","_Node_iterator<pair<const basic_string<char, char_traits<char>, allocator<char>>, weak_ptr<SharedMemoryResource>>, false, true>",""
"iterator","iterator",0,0,"instantiation","iterator_impl<false>",""
"iterator","iterator",0,0,"instantiation","__normal_iterator<SendCommand *, vector<SendCommand, polymorphic_allocator<SendCommand>>>",""
"iterator","iterator",0,0,"instantiation","const unsigned long *",""
"iterator","iterator",0,0,"instantiation","atomic<unsigned long> *",""
"iterator","iterator",0,0,"instantiation","const int *",""
"iterator","iterator",0,0,"instantiation","const unsigned short *",""
"iterator","iterator",0,0,"instantiation","__normal_iterator<unsigned char *, vector<unsigned char, polymorphic_allocator<unsigned char>>>",""
"iterator","iterator",0,0,"instantiation","iterator<span<const variant<basic_string_view<char, char_traits<char>>, signed long, unsigned long, const void *>, 18446744073709551615UL>, false>",""
"iterator","iterator",0,0,"instantiation","iterator<span<const unsigned char, 18446744073709551615UL>, false>",""
"iterator","iterator",0,0,"instantiation","iterator<span<unsigned char, 18446744073709551615UL>, false>",""
"iterator","iterator",0,0,"instantiation","__normal_iterator<char *, basic_string<char, char_traits<char>, polymorphic_allocator<char>>>",""
"iterator","iterator",0,0,"instantiation","__normal_iterator<char16_t *, basic_string<char16_t, char_traits<char16_t>, polymorphic_allocator<char16_t>>>",""
"iterator","iterator",0,0,"instantiation","__normal_iterator<char32_t *, basic_string<char32_t, char_traits<char32_t>, polymorphic_allocator<char32_t>>>",""
"iterator","iterator",0,0,"instantiation","__normal_iterator<wchar_t *, basic_string<wchar_t, char_traits<wchar_t>, polymorphic_allocator<wchar_t>>>",""
"iterator","iterator",0,0,"instantiation","ApplicationIdPidMappingEntry *",""
"iterator","iterator",0,0,"instantiation","__normal_iterator<PosixEndpointEntry **, vector<PosixEndpointEntry *, polymorphic_allocator<PosixEndpointEntry *>>>",""
"iterator","iterator",0,0,"instantiation","__normal_iterator<pollfd *, vector<pollfd, polymorphic_allocator<pollfd>>>",""
"iterator","iterator",0,0,"instantiation","const basic_string_view<char, char_traits<char>> *",""
"iterator","iterator",0,0,"instantiation","_Node_iterator<pair<const ElementFqId, set<int, less<int>, allocator<int>>>, false, false>",""
"iterator","iterator",0,0,"instantiation","_Node_iterator<pair<const int, shared_ptr<IClientConnection>>, false, false>",""
"iterator","iterator",0,0,"instantiation","const pair<const ProxyMethodInstanceIdentifier, pair<CopyableScopedFunction<..(..), allocator<unsigned char>>, unsigned int>> *",""
"iterator","iterator",0,0,"instantiation","const pair<const SkeletonInstanceIdentifier, CopyableScopedFunction<..(..), allocator<unsigned char>>> *",""
"iterator","iterator",0,0,"instantiation","const pair<const SkeletonInstanceIdentifier, pair<CopyableScopedFunction<..(..), allocator<unsigned char>>, optional<set<unsigned int, less<unsigned int>, allocator<unsigned int>>>>> *",""
"iterator","iterator",0,0,"instantiation","_Rb_tree_iterator<unsigned int>",""
"iterator","iterator",0,0,"instantiation","_Node_iterator<pair<const ElementFqId, move_only_function<..(..), 32UL, 16UL>>, false, false>",""
"iterator","iterator",0,0,"instantiation","_Node_iterator<pair<const SkeletonInstanceIdentifier, pair<CopyableScopedFunction<..(..), allocator<unsigned char>>, optional<set<unsigned int, less<unsigned int>, allocator<unsigned int>>>>>, false, false>",""
"iterator","iterator",0,0,"instantiation","_Node_iterator<pair<const SkeletonInstanceIdentifier, CopyableScopedFunction<..(..), allocator<unsigned char>>>, false, false>",""
"iterator","iterator",0,0,"instantiation","_Node_iterator<pair<const ProxyMethodInstanceIdentifier, pair<CopyableScopedFunction<..(..), allocator<unsigned char>>, unsigned int>>, false, false>",""
"iterator","iterator",0,0,"instantiation","__normal_iterator<char *, basic_string<char, char_traits<char>, allocator<char>>>",""
"iterator","iterator",0,0,"instantiation","__normal_iterator<wchar_t *, basic_string<wchar_t, char_traits<wchar_t>, allocator<wchar_t>>>",""
"iterator","iterator",0,0,"instantiation","__normal_iterator<char16_t *, basic_string<char16_t, char_traits<char16_t>, allocator<char16_t>>>",""
"iterator","iterator",0,0,"instantiation","__normal_iterator<char32_t *, basic_string<char32_t, char_traits<char32_t>, allocator<char32_t>>>",""
"iterator","iterator",0,0,"instantiation","_Node_iterator<pair<const unsigned short, shared_ptr<ISharedMemoryResource>>, false, false>",""
"iterator","iterator",0,0,"instantiation","iterator<span<atomic<unsigned long>, 18446744073709551615UL>, false>",""
"iterator","iterator",0,0,"instantiation","_Node_iterator<pair<const unsigned int, ProcessSpecificResourceMap>, false, false>",""
"iterator","iterator",0,0,"instantiation","const pair<const unsigned short, shared_ptr<ISharedMemoryResource>> *",""
"iterator","iterator",0,0,"instantiation","const pair<const unsigned int, ProcessSpecificResourceMap> *",""
"iterator","iterator",0,0,"instantiation","const unsigned int *",""
"iterator","iterator",0,0,"instantiation","_Node_iterator<pair<const int, int>, false, false>",""
"iterator","iterator",0,0,"instantiation","_Node_iterator<pair<const SkeletonInstanceIdentifier, mutex>, false, false>",""
"iterator","iterator",0,0,"instantiation","iterator<span<const DataTypeSizeInfo, 18446744073709551615UL>, false>",""
"iterator","iterator",0,0,"instantiation","__normal_iterator<RegisteredNotificationHandler *, vector<RegisteredNotificationHandler, allocator<RegisteredNotificationHandler>>>",""
"iterator","iterator",0,0,"instantiation","TransactionLogNode *",""
"iterator","iterator",0,0,"instantiation","_Node_iterator<pair<const FindServiceHandle, SearchRequest>, false, false>",""
"iterator","iterator",0,0,"instantiation","_Node_iterator<pair<const InotifyWatchDescriptor, Watch>, false, false>",""
"iterator","iterator",0,0,"instantiation","iterator<span<const ServiceElementControlSizeInfo, 18446744073709551615UL>, false>",""
"iterator","iterator",0,0,"instantiation","_Node_iterator<pair<const ElementFqId, vector<RegisteredNotificationHandler, allocator<RegisteredNotificationHandler>>>, false, false>",""
"iterator","iterator",0,0,"instantiation","_Node_iterator<pair<const ElementFqId, NodeCounter>, false, false>",""
"iterator","iterator",0,0,"instantiation","_Deque_iterator<unique_ptr<Task>, unique_ptr<Task> &, unique_ptr<Task> *>",""
"iterator","iterator",0,0,"instantiation","_Rb_tree_iterator<int>",""
"iterator","iterator",0,0,"instantiation","const MethodType *",""
"iterator","iterator",0,0,"instantiation","const pair<const Permission, vector<unsigned int, allocator<unsigned int>>> *",""
"iterator","iterator",0,0,"instantiation","const pair<const InotifyWatchDescriptor, EnrichedInstanceIdentifier> *",""
"iterator","iterator",0,0,"instantiation","const FindServiceHandle *",""
"iterator","iterator",0,0,"instantiation","const InotifyWatchDescriptor *",""
"iterator","iterator",0,0,"instantiation","pair<ElementFqId, EventControl> *",""
"iterator","iterator",0,0,"instantiation","pair<ElementFqId, EventMetaInfo> *",""
"iterator","iterator",0,0,"instantiation","pair<ElementFqId, OffsetPtr<EventDataStorage>> *",""
"iterator","iterator",0,0,"instantiation","_Node_iterator<pair<const UniqueMethodIdentifier, reference_wrapper<ProxyMethod>>, false, false>",""
"iterator","iterator",0,0,"instantiation","_Node_iterator<pair<const basic_string_view<char, char_traits<char>>, reference_wrapper<ProxyEvent>>, false, true>",""
"iterator","iterator",0,0,"instantiation","_Node_iterator<pair<const unsigned short, unordered_set<unsigned short, hash<unsigned short>, equal_to<unsigned short>, allocator<unsigned short>>>, false, false>",""
"iterator","iterator",0,0,"instantiation","__normal_iterator<TypeErasedElementInfo *, vector<TypeErasedElementInfo, allocator<TypeErasedElementInfo>>>",""
"iterator","iterator",0,0,"instantiation","const HandleType *",""
"iterator","iterator",0,0,"instantiation","const pair<const unsigned short, unordered_set<unsigned short, hash<unsigned short>, equal_to<unsigned short>, allocator<unsigned short>>> *",""
"iterator","iterator",0,0,"instantiation","pair<UniqueMethodIdentifier, TypeErasedCallQueue> *",""
"iterator","iterator",0,0,"instantiation","_Node_iterator<unsigned short, true, false>",""
"iterator","iterator",0,0,"instantiation","__normal_iterator<HandleType *, vector<HandleType, allocator<HandleType>>>",""
"iterator","iterator",0,0,"instantiation","const pair<const UniqueMethodIdentifier, reference_wrapper<ProxyMethod>> *",""
"iterator","iterator",0,0,"instantiation","__normal_iterator<EnrichedInstanceIdentifier *, vector<EnrichedInstanceIdentifier, allocator<EnrichedInstanceIdentifier>>>",""
"iterator","iterator",0,0,"instantiation","_Node_iterator<pair<const InstanceIdentifier, QualityAwareContainer<optional<FlagFile>>>, false, false>",""
"iterator","iterator",0,0,"instantiation","_Node_iterator<pair<const LolaServiceInstanceIdentifier, IdentifierWatches>, false, true>",""
"iterator","iterator",0,0,"instantiation","_Node_iterator<FindServiceHandle, true, false>",""
"iterator","iterator",0,0,"instantiation","_Node_iterator<pair<const InotifyWatchDescriptor, EnrichedInstanceIdentifier>, false, false>",""
"iterator","iterator",0,0,"instantiation","iterator<inplace_vector<InotifyEvent, 10UL>, false>",""
"iterator","iterator",0,0,"instantiation","__normal_iterator<pair<UniqueMethodIdentifier, unsigned char> *, vector<pair<UniqueMethodIdentifier, unsigned char>, allocator<pair<UniqueMethodIdentifier, unsigned char>>>>",""
"iterator","iterator",0,0,"instantiation","_Node_iterator<InotifyWatchDescriptor, true, false>",""
"iterator","iterator",0,0,"instantiation","_Node_iterator<HandleType, true, false>",""
"iterator","iterator",0,0,"instantiation","_Node_iterator<pair<const UniqueMethodIdentifier, reference_wrapper<SkeletonMethod>>, false, false>",""
"iterator","iterator",0,0,"instantiation","_Node_iterator<pair<const FindServiceHandle, shared_ptr<move_only_function<..(..), 32UL, 16UL>>>, false, false>",""
"iterator","iterator",0,0,"instantiation","const pair<const UniqueMethodIdentifier, reference_wrapper<SkeletonMethod>> *",""
"iterator","iterator",0,0,"instantiation","__normal_iterator<jthread *, vector<jthread, polymorphic_allocator<jthread>>>",""
"iterator","iterator",0,0,"instantiation","__normal_iterator<stop_source *, vector<stop_source, polymorphic_allocator<stop_source>>>",""
"iterator","iterator",0,0,"instantiation","__normal_iterator<UniqueMethodIdentifier *, vector<UniqueMethodIdentifier, allocator<UniqueMethodIdentifier>>>",""
"iterator","iterator",0,0,"instantiation","__normal_iterator<ProxyMethodInstanceIdentifier *, vector<ProxyMethodInstanceIdentifier, allocator<ProxyMethodInstanceIdentifier>>>",""
"iterator","iterator",0,0,"instantiation","_Node_iterator<pair<const ProxyMethodInstanceIdentifier, pair<int, ScopeExit<MoveOnlyScopedFunction<..(..), allocator<unsigned char>>>>>, false, false>",""
"iterator","iterator",0,0,"instantiation","const optional<basic_string<char, char_traits<char>, allocator<char>>> *",""
"iterator","iterator",0,0,"instantiation","__normal_iterator<unsigned short *, vector<unsigned short, allocator<unsigned short>>>",""
"iterator","iterator",0,0,"instantiation","__normal_iterator<ServiceElementControlSizeInfo *, vector<ServiceElementControlSizeInfo, allocator<ServiceElementControlSizeInfo>>>",""
"iterator","iterator",0,0,"instantiation","const pair<const ServiceElementInstanceIdentifierView, pair<signed int, void *>> *",""
"iterator","iterator",0,0,"instantiation","TypeErasedSamplePtrWithMutex *",""
"iterator","iterator",0,0,"instantiation","__normal_iterator<InotifyEvent *, vector<InotifyEvent, allocator<InotifyEvent>>>",""
"iterator","iterator",0,0,"instantiation","__normal_iterator<unsigned int *, vector<unsigned int, allocator<unsigned int>>>",""
"iterator","iterator",0,0,"instantiation","_Node_iterator<pair<const QualityType, vector<unsigned int, allocator<unsigned int>>>, false, false>",""
"iterator","iterator",0,0,"instantiation","_Node_iterator<pair<const ServiceElementInstanceIdentifierView, pair<signed int, void *>>, false, false>",""
"iterator","iterator",0,0,"instantiation","_Node_iterator<pair<const Permission, vector<unsigned int, allocator<unsigned int>>>, false, false>",""
"iterator","iterator",0,0,"instantiation","TransactionLogSlot *",""
"iterator","iterator",0,0,"instantiation","iterator<span<TransactionLogSlot, 18446744073709551615UL>, false>",""
"iterator","iterator",0,0,"instantiation","__normal_iterator<TransactionLogNode **, vector<TransactionLogNode *, allocator<TransactionLogNode *>>>",""
"iterator","iterator",0,0,"instantiation","_Node_iterator<pair<const ServiceIdentifierType, ServiceTypeDeployment>, false, false>",""
"iterator","iterator",0,0,"instantiation","_Node_iterator<pair<const InstanceSpecifier, ServiceInstanceDeployment>, false, false>",""
"iterator","iterator",0,0,"instantiation","_List_iterator<shared_ptr<unordered_map<ServiceIdentifierType, ServiceTypeDeployment, hash<ServiceIdentifierType>, equal_to<ServiceIdentifierType>, allocator<pair<const ServiceIdentifierType, ServiceTypeDeployment>>>>>",""
"iterator","iterator",0,0,"instantiation","_List_iterator<shared_ptr<unordered_map<InstanceSpecifier, ServiceInstanceDeployment, hash<InstanceSpecifier>, equal_to<InstanceSpecifier>, allocator<pair<const InstanceSpecifier, ServiceInstanceDeployment>>>>>",""
"iterator","iterator",0,0,"instantiation","const pair<const InstanceSpecifier, ServiceInstanceDeployment> *",""
"iterator","iterator",0,0,"instantiation","const pair<const ServiceIdentifierType, ServiceTypeDeployment> *",""
"iterator","iterator",0,0,"instantiation","const InstanceSpecifier *",""
"iterator","iterator",0,0,"instantiation","_Node_iterator<InstanceSpecifier, true, false>",""
"iterator","iterator",0,0,"instantiation","_Rb_tree_iterator<pair<const basic_string_view<char, char_traits<char>>, reference_wrapper<Reference>>>",""
"iterator","iterator",0,0,"instantiation","const pair<const TracePointKey, set<basic_string_view<char, char_traits<char>>, less<basic_string_view<char, char_traits<char>>>, allocator<basic_string_view<char, char_traits<char>>>>> *",""
"iterator","iterator",0,0,"instantiation","_Node_iterator<pair<const TracePointKey, set<basic_string_view<char, char_traits<char>>, less<basic_string_view<char, char_traits<char>>>, allocator<basic_string_view<char, char_traits<char>>>>>, false, false>",""
"iterator","iterator",0,0,"instantiation","iterator<span<const EventInfo, 18446744073709551615UL>, false>",""
"iterator","iterator",0,0,"instantiation","_Rb_tree_iterator<pair<const basic_string_view<char, char_traits<char>>, GenericSkeletonEvent>>",""
"iterator","iterator",0,0,"instantiation","_Rb_tree_iterator<pair<const basic_string_view<char, char_traits<char>>, GenericProxyEvent>>",""
"iterator","iterator",0,0,"instantiation","const pair<const BindingType, unique_ptr<IBindingRuntime, default_delete<IBindingRuntime>>> *",""
"iterator","iterator",0,0,"instantiation","_Node_iterator<pair<const BindingType, unique_ptr<IBindingRuntime, default_delete<IBindingRuntime>>>, false, false>",""
"iterator","iterator",0,0,"instantiation","const pair<const basic_string<char, char_traits<char>, allocator<char>>, unsigned short> *",""
"iterator","iterator",0,0,"instantiation","__normal_iterator<basic_string_view<char, char_traits<char>> *, vector<basic_string_view<char, char_traits<char>>, allocator<basic_string_view<char, char_traits<char>>>>>",""
"iterator","iterator",0,0,"instantiation","_Node_iterator<pair<const basic_string<char, char_traits<char>, allocator<char>>, unsigned short>, false, true>",""
"iterator","iterator",0,0,"instantiation","const LogLevel *",""
"iterator","iterator",0,0,"instantiation","_Node_iterator<pair<const basic_string<char, char_traits<char>, allocator<char>>, LolaMethodInstanceDeployment>, false, true>",""
"iterator","iterator",0,0,"instantiation","const pair<const basic_string<char, char_traits<char>, allocator<char>>, LolaMethodInstanceDeployment> *",""
"iterator","iterator",0,0,"instantiation","_Node_iterator<pair<const basic_string<char, char_traits<char>, allocator<char>>, LolaEventInstanceDeployment>, false, true>",""
"iterator","iterator",0,0,"instantiation","const pair<const QualityType, vector<unsigned int, allocator<unsigned int>>> *",""
"iterator","iterator",0,0,"instantiation","const pair<const basic_string<char, char_traits<char>, allocator<char>>, LolaFieldInstanceDeployment> *",""
"iterator","iterator",0,0,"instantiation","const pair<const basic_string<char, char_traits<char>, allocator<char>>, LolaEventInstanceDeployment> *",""
"iterator","iterator",0,0,"instantiation","_Node_iterator<pair<const basic_string<char, char_traits<char>, allocator<char>>, LolaFieldInstanceDeployment>, false, true>",""
"iterator","iterator",0,0,"instantiation","_Rb_tree_iterator<pair<const unsigned long, unsigned long>>",""
"iterator","iterator",0,0,"instantiation","_Node_iterator<pair<const FindServiceHandle, EnrichedInstanceIdentifier>, false, false>",""
"iterator","iterator",0,0,"instantiation","iterator<span<const unsigned int, 18446744073709551615UL>, false>",""
"iterator","iterator",0,0,"instantiation","_Rb_tree_iterator<pair<const StringComparisonAdaptor, Any>>",""
"iterator","iterator",0,0,"instantiation","__normal_iterator<atomic<int> *, vector<atomic<int>, allocator<atomic<int>>>>",""
"iterator","iterator",0,0,"instantiation","_Rb_tree_iterator<pair<const ServiceElementIdentifier, unordered_set<InstanceSpecifier, hash<InstanceSpecifier>, equal_to<InstanceSpecifier>, allocator<InstanceSpecifier>>>>",""
"iterator","iterator",0,0,"instantiation","__normal_iterator<InstanceIdentifier *, vector<InstanceIdentifier, allocator<InstanceIdentifier>>>",""
"iterator","iterator",0,0,"instantiation","_Rb_tree_iterator<basic_string_view<char, char_traits<char>>>",""
"iterator","iterator",0,0,"instantiation","const pair<const FindServiceHandle, EnrichedInstanceIdentifier> *",""
"iterator","iterator",0,0,"instantiation","__normal_iterator<optional<Logger> *, vector<optional<Logger>, allocator<optional<Logger>>>>",""
"iterator","iterator",0,0,"instantiation","_Rb_tree_iterator<pair<const basic_string_view<char, char_traits<char>>, reference_wrapper<SkeletonEventBinding>>>",""
"iterator","iterator",0,0,"instantiation","_Node_iterator<int, true, false>",""
"iterator","iterator",0,0,"instantiation","__normal_iterator<ScopeExit<move_only_function<..(..), 32UL, 16UL>> *, vector<ScopeExit<move_only_function<..(..), 32UL, 16UL>>, allocator<ScopeExit<move_only_function<..(..), 32UL, 16UL>>>>>",""
"iterator","iterator",0,0,"instantiation","_Deque_iterator<DirectoryIterator, DirectoryIterator &, DirectoryIterator *>",""
"iterator","iterator",0,0,"instantiation","iterator<span<byte, 18446744073709551615UL>, false>",""
"iterator","iterator",0,0,"instantiation","_Rb_tree_iterator<basic_string<char, char_traits<char>, allocator<char>>>",""
"iterator","iterator",0,0,"instantiation","const pair<const SkeletonFieldTracePointType, TracePointType> *",""
"iterator","iterator",0,0,"instantiation","const pair<const SkeletonEventTracePointType, TracePointType> *",""
"iterator","iterator",0,0,"instantiation","const pair<const ProxyFieldTracePointType, TracePointType> *",""
"iterator","iterator",0,0,"instantiation","const pair<const ProxyEventTracePointType, TracePointType> *",""
"iterator","iterator",0,0,"instantiation","_Node_iterator<pair<const BindingType, IBindingTracingRuntime *>, false, false>",""
"iterator","iterator",0,0,"instantiation","const ServiceElementIdentifierView *",""
"iterator","iterator",0,0,"instantiation","__normal_iterator<Path *, vector<Path, allocator<Path>>>",""
"iterator","iterator",0,0,"instantiation","iterator<span<const char, 18446744073709551615UL>, false>",""
"iterator","iterator",0,0,"instantiation","_Node_iterator<ServiceElementIdentifierView, true, false>",""
"iterator","iterator",0,0,"instantiation","const pair<const BindingType, IBindingTracingRuntime *> *",""
"iterator","iterator",0,0,"instantiation","iterator<span<const char *, 18446744073709551615UL>, false>",""
"iterator","iterator",0,0,"instantiation","iterator<span<basic_zstring_view<char, char_traits<char>>, 18446744073709551615UL>, false>",""
"iterator","iterator",0,0,"instantiation","__normal_iterator<Any *, vector<Any, allocator<Any>>>",""
"iterator","iterator",0,0,"instantiation","_Node_iterator<pair<const ProxyEventTracePointType, TracePointType>, false, false>",""
"iterator","iterator",0,0,"instantiation","_Node_iterator<pair<const ProxyFieldTracePointType, TracePointType>, false, false>",""
"iterator","iterator",0,0,"instantiation","_Node_iterator<pair<const SkeletonEventTracePointType, TracePointType>, false, false>",""
"iterator","iterator",0,0,"instantiation","_Node_iterator<pair<const SkeletonFieldTracePointType, TracePointType>, false, false>",""
"iterator","iterator",0,0,"instantiation","__normal_iterator<basic_zstring_view<char, char_traits<char>> *, vector<basic_zstring_view<char, char_traits<char>>, allocator<basic_zstring_view<char, char_traits<char>>>>>",""
"iterator","iterator",0,0,"instantiation","__normal_iterator<stop_source *, vector<stop_source, allocator<stop_source>>>",""
"iterator","iterator",0,0,"instantiation","__normal_iterator<jthread *, vector<jthread, allocator<jthread>>>",""
"iterator","iterator",0,0,"instantiation","__normal_iterator<MoveOnlyScopedFunction<..(..), allocator<unsigned char>> *, vector<MoveOnlyScopedFunction<..(..), allocator<unsigned char>>, allocator<MoveOnlyScopedFunction<..(..), allocator<unsigned char>>>>>",""
"iterator","iterator",0,0,"instantiation","_Rb_tree_iterator<shared_ptr<InterruptibleConditionalVariableBasic<mutex, condition_variable>>>",""
"iterator","iterator",0,0,"instantiation","_Deque_iterator<Path, Path &, Path *>",""
"iterator","iterator",0,0,"instantiation","__normal_iterator<char *, vector<char, allocator<char>>>",""
"iterator","iterator",0,0,"instantiation","_List_iterator<basic_string<char, char_traits<char>, allocator<char>>>",""
"iterator","iterator",0,0,"instantiation","_Node_iterator<pair<const LoggingIdentifier, LogLevel>, false, true>",""
"iterator","iterator",0,0,"instantiation","const pair<const LoggingIdentifier, LogLevel> *",""
"iterator","iterator",0,0,"instantiation","iter_impl",""
"iterator","iterator",0,0,"instantiation","__normal_iterator<optional<basic_string<char, char_traits<char>, allocator<char>>> *, vector<optional<basic_string<char, char_traits<char>, allocator<char>>>, allocator<optional<basic_string<char, char_traits<char>, allocator<char>>>>>>",""
"iterator","iterator",0,0,"instantiation","const LogMode *",""
"iterator","iterator",0,0,"instantiation","_Deque_iterator<Any *, Any *&, Any **>",""
"iterator","iterator",0,0,"instantiation","const pair<const basic_string_view<char, char_traits<char>>, LogMode> *",""
"iterator","iterator",0,0,"instantiation","const pair<const basic_string_view<char, char_traits<char>>, LogLevel> *",""
"iterator","iterator",0,0,"instantiation","__normal_iterator<unique_ptr<Recorder, default_delete<Recorder>> *, vector<unique_ptr<Recorder, default_delete<Recorder>>, allocator<unique_ptr<Recorder, default_delete<Recorder>>>>>",""
"iterator","iterator",0,0,"instantiation","_Rb_tree_iterator<pair<const basic_string<char, char_traits<char>, allocator<char>>, basic_json<map, vector, basic_string<char, char_traits<char>, allocator<char>>, bool, signed long, unsigned long, double, allocator, adl_serializer, vector<unsigned char, allocator<unsigned char>>, void>>>",""
"iterator","iterator",0,0,"instantiation","__normal_iterator<Slot<LogRecord> *, vector<Slot<LogRecord>, allocator<Slot<LogRecord>>>>",""
"iterator","iterator",0,0,"instantiation","circular_buffer_iterator<circular_buffer<SlotHandle, 1024UL>, false>",""
"iterator","iterator",0,0,"instantiation","iterator<span<char, 18446744073709551615UL>, false>",""
"iterator","iterator",0,0,"instantiation","_Node_iterator<pair<const basic_string_view<char, char_traits<char>>, LogLevel>, false, true>",""
"iterator","iterator",0,0,"instantiation","_Node_iterator<pair<const basic_string_view<char, char_traits<char>>, LogMode>, false, true>",""
"iterator","iterator",0,0,"instantiation","__normal_iterator<basic_json<map, vector, basic_string<char, char_traits<char>, allocator<char>>, bool, signed long, unsigned long, double, allocator, adl_serializer, vector<unsigned char, allocator<unsigned char>>, void> *, vector<basic_json<map, vector, basic_string<char, char_traits<char>, allocator<char>>, bool, signed long, unsigned long, double, allocator, adl_serializer, vector<unsigned char, allocator<unsigned char>>, void>, allocator<basic_json<map, vector, basic_string<char, char_traits<char>, allocator<char>>, bool, signed long, unsigned long, double, allocator, adl_serializer, vector<unsigned char, allocator<unsigned char>>, void>>>>",""
"iterator","iterator",0,0,"instantiation","const pair<const type_index, basic_string_view<char, char_traits<char>>> *",""
"iterator","iterator",0,0,"instantiation","__normal_iterator<unsigned char *, vector<unsigned char, allocator<unsigned char>>>",""
"iterator","iterator",0,0,"instantiation","_Node_iterator<pair<const type_index, basic_string_view<char, char_traits<char>>>, false, false>",""
"iterator","iterator",0,0,"instantiation","__normal_iterator<basic_string<char, char_traits<char>, allocator<char>> *, vector<basic_string<char, char_traits<char>, allocator<char>>, allocator<basic_string<char, char_traits<char>, allocator<char>>>>>",""
"iterator","iterator",0,0,"instantiation","iterator<span<char *, 18446744073709551615UL>, false>",""
"iterator","iterator",0,0,"instantiation","const json_ref<basic_json<map, vector, basic_string<char, char_traits<char>, allocator<char>>, bool, signed long, unsigned long, double, allocator, adl_serializer, vector<unsigned char, allocator<unsigned char>>, void>> *",""
"iterator","iterator",0,0,"instantiation","_Node_iterator<LogMode, true, false>",""
"iterator","iterator",0,0,"instantiation","iterator<inplace_vector<char, 256UL>, false>",""
"iterator","iterator",0,0,"instantiation","__normal_iterator<basic_json<map, vector, basic_string<char, char_traits<char>, allocator<char>>, bool, signed long, unsigned long, double, allocator, adl_serializer, vector<unsigned char, allocator<unsigned char>>, void> **, vector<basic_json<map, vector, basic_string<char, char_traits<char>, allocator<char>>, bool, signed long, unsigned long, double, allocator, adl_serializer, vector<unsigned char, allocator<unsigned char>>, void> *, allocator<basic_json<map, vector, basic_string<char, char_traits<char>, allocator<char>>, bool, signed long, unsigned long, double, allocator, adl_serializer, vector<unsigned char, allocator<unsigned char>>, void> *>>>",""
"iterator","iterator",0,0,"instantiation","__normal_iterator<Permission *, vector<Permission, allocator<Permission>>>",""
"iterator","iterator",0,0,"plain","const_iterator",""
"iterator","iterator",0,0,"plain","iterator",""
"iterator","iterator",0,0,"plain","__normal_iterator<DataTypeSizeInfo *, vector<DataTypeSizeInfo, allocator<DataTypeSizeInfo>>>",""
"iterator","iterator",0,0,"plain","_Node_iterator<pair<const unsigned long, ManagedMemoryResource *>, false, false>",""
"iterator","iterator",0,0,"plain","iterator_impl<false>",""
"iterator","iterator",0,0,"plain","__normal_iterator<SendCommand *, vector<SendCommand, polymorphic_allocator<SendCommand>>>",""
"iterator","iterator",0,0,"plain","__normal_iterator<unsigned char *, vector<unsigned char, polymorphic_allocator<unsigned char>>>",""
"iterator","iterator",0,0,"plain","iterator<span<const unsigned char, 18446744073709551615UL>, false>",""
"iterator","iterator",0,0,"plain","iterator<span<unsigned char, 18446744073709551615UL>, false>",""
"iterator","iterator",0,0,"plain","__normal_iterator<char *, basic_string<char, char_traits<char>, polymorphic_allocator<char>>>",""
"iterator","iterator",0,0,"plain","__normal_iterator<PosixEndpointEntry **, vector<PosixEndpointEntry *, polymorphic_allocator<PosixEndpointEntry *>>>",""
"iterator","iterator",0,0,"plain","__normal_iterator<pollfd *, vector<pollfd, polymorphic_allocator<pollfd>>>",""
"iterator","iterator",0,0,"plain","_Node_iterator<pair<const int, shared_ptr<IClientConnection>>, false, false>",""
"iterator","iterator",0,0,"plain","_Rb_tree_iterator<unsigned int>",""
"iterator","iterator",0,0,"plain","_Node_iterator<pair<const unsigned short, shared_ptr<ISharedMemoryResource>>, false, false>",""
"iterator","iterator",0,0,"plain","iterator<span<atomic<unsigned long>, 18446744073709551615UL>, false>",""
"iterator","iterator",0,0,"plain","_Node_iterator<pair<const unsigned int, ProcessSpecificResourceMap>, false, false>",""
"iterator","iterator",0,0,"plain","_Node_iterator<pair<const SkeletonInstanceIdentifier, mutex>, false, false>",""
"iterator","iterator",0,0,"plain","iterator<span<const DataTypeSizeInfo, 18446744073709551615UL>, false>",""
"iterator","iterator",0,0,"plain","iterator<span<const ServiceElementControlSizeInfo, 18446744073709551615UL>, false>",""
"iterator","iterator",0,0,"plain","_Node_iterator<pair<const unsigned short, unordered_set<unsigned short, hash<unsigned short>, equal_to<unsigned short>, allocator<unsigned short>>>, false, false>",""
"iterator","iterator",0,0,"plain","_Node_iterator<unsigned short, true, false>",""
"iterator","iterator",0,0,"plain","__normal_iterator<HandleType *, vector<HandleType, allocator<HandleType>>>",""
"iterator","iterator",0,0,"plain","__normal_iterator<EnrichedInstanceIdentifier *, vector<EnrichedInstanceIdentifier, allocator<EnrichedInstanceIdentifier>>>",""
"iterator","iterator",0,0,"plain","_Node_iterator<FindServiceHandle, true, false>",""
"iterator","iterator",0,0,"plain","iterator<inplace_vector<InotifyEvent, 10UL>, false>",""
"iterator","iterator",0,0,"plain","_Node_iterator<InotifyWatchDescriptor, true, false>",""
"iterator","iterator",0,0,"plain","_Node_iterator<HandleType, true, false>",""
"iterator","iterator",0,0,"plain","__normal_iterator<jthread *, vector<jthread, polymorphic_allocator<jthread>>>",""
"iterator","iterator",0,0,"plain","__normal_iterator<stop_source *, vector<stop_source, polymorphic_allocator<stop_source>>>",""
"iterator","iterator",0,0,"plain","__normal_iterator<unsigned short *, vector<unsigned short, allocator<unsigned short>>>",""
"iterator","iterator",0,0,"plain","__normal_iterator<unsigned int *, vector<unsigned int, allocator<unsigned int>>>",""
"iterator","iterator",0,0,"plain","_Node_iterator<pair<const QualityType, vector<unsigned int, allocator<unsigned int>>>, false, false>",""
"iterator","iterator",0,0,"plain","_Node_iterator<pair<const Permission, vector<unsigned int, allocator<unsigned int>>>, false, false>",""
"iterator","iterator",0,0,"plain","iterator<span<TransactionLogSlot, 18446744073709551615UL>, false>",""
"iterator","iterator",0,0,"plain","_Node_iterator<InstanceSpecifier, true, false>",""
"iterator","iterator",0,0,"plain","_Node_iterator<pair<const TracePointKey, set<basic_string_view<char, char_traits<char>>, less<basic_string_view<char, char_traits<char>>>, allocator<basic_string_view<char, char_traits<char>>>>>, false, false>",""
"iterator","iterator",0,0,"plain","iterator<span<const EventInfo, 18446744073709551615UL>, false>",""
"iterator","iterator",0,0,"plain","_Node_iterator<pair<const basic_string<char, char_traits<char>, allocator<char>>, unsigned short>, false, true>",""
"iterator","iterator",0,0,"plain","_Node_iterator<pair<const basic_string<char, char_traits<char>, allocator<char>>, LolaMethodInstanceDeployment>, false, true>",""
"iterator","iterator",0,0,"plain","_Node_iterator<pair<const basic_string<char, char_traits<char>, allocator<char>>, LolaEventInstanceDeployment>, false, true>",""
"iterator","iterator",0,0,"plain","_Node_iterator<pair<const basic_string<char, char_traits<char>, allocator<char>>, LolaFieldInstanceDeployment>, false, true>",""
"iterator","iterator",0,0,"plain","__normal_iterator<InstanceIdentifier *, vector<InstanceIdentifier, allocator<InstanceIdentifier>>>",""
"iterator","iterator",0,0,"plain","_Rb_tree_iterator<basic_string_view<char, char_traits<char>>>",""
"iterator","iterator",0,0,"plain","_Rb_tree_iterator<basic_string<char, char_traits<char>, allocator<char>>>",""
"iterator","iterator",0,0,"plain","__normal_iterator<Path *, vector<Path, allocator<Path>>>",""
"iterator","iterator",0,0,"plain","iterator<span<const char, 18446744073709551615UL>, false>",""
"iterator","iterator",0,0,"plain","__normal_iterator<Any *, vector<Any, allocator<Any>>>",""
"iterator","iterator",0,0,"plain","__normal_iterator<stop_source *, vector<stop_source, allocator<stop_source>>>",""
"iterator","iterator",0,0,"plain","__normal_iterator<jthread *, vector<jthread, allocator<jthread>>>",""
"iterator","iterator",0,0,"plain","__normal_iterator<MoveOnlyScopedFunction<..(..), allocator<unsigned char>> *, vector<MoveOnlyScopedFunction<..(..), allocator<unsigned char>>, allocator<MoveOnlyScopedFunction<..(..), allocator<unsigned char>>>>>",""
"iterator","iterator",0,0,"plain","__normal_iterator<char *, vector<char, allocator<char>>>",""
"iterator","iterator",0,0,"plain","_Node_iterator<pair<const LoggingIdentifier, LogLevel>, false, true>",""
"iterator","iterator",0,0,"plain","__normal_iterator<unique_ptr<Recorder, default_delete<Recorder>> *, vector<unique_ptr<Recorder, default_delete<Recorder>>, allocator<unique_ptr<Recorder, default_delete<Recorder>>>>>",""
"iterator","iterator",0,0,"plain","__normal_iterator<Slot<LogRecord> *, vector<Slot<LogRecord>, allocator<Slot<LogRecord>>>>",""
"iterator","iterator",0,0,"plain","__normal_iterator<basic_string<char, char_traits<char>, allocator<char>> *, vector<basic_string<char, char_traits<char>, allocator<char>>, allocator<basic_string<char, char_traits<char>, allocator<char>>>>>",""
"iterator","iterator",0,0,"plain","iterator<inplace_vector<char, 256UL>, false>",""
"iterator","iterator",1,1,"plain","value_type *","file:///media/jefferson/11c42dee-73a3-4c2b-ab42-a0440011d9e0/.s-core-build/runs/score-communication-bug-recovery-fw8j963z/bazel-inner/0ee02474a779b83b3b0b23a41897ed42/external/+_repo_rules2+ubuntu24_04_sysroot_amd64/sysroot/usr/include/c++/13/bits/fs_path.h:681:13:681:20"
"iterator","iterator",1,1,"plain","iterator","file:///media/jefferson/11c42dee-73a3-4c2b-ab42-a0440011d9e0/.s-core-build/runs/score-communication-bug-recovery-fw8j963z/baseline-check/score/mw/com/impl/bindings/lola/methods/method_resource_map.h:58:11:58:18"
"iterator","iterator",1,1,"plain","_Bit_iterator","file:///media/jefferson/11c42dee-73a3-4c2b-ab42-a0440011d9e0/.s-core-build/runs/score-communication-bug-recovery-fw8j963z/bazel-inner/0ee02474a779b83b3b0b23a41897ed42/external/+_repo_rules2+ubuntu24_04_sysroot_amd64/sysroot/usr/include/c++/13/bits/stl_bvector.h:310:29:310:36"
"iterator","iterator",1,1,"uninstantiated-template","value_type *","file:///media/jefferson/11c42dee-73a3-4c2b-ab42-a0440011d9e0/.s-core-build/runs/score-communication-bug-recovery-fw8j963z/bazel-inner/0ee02474a779b83b3b0b23a41897ed42/external/+_repo_rules2+ubuntu24_04_sysroot_amd64/sysroot/usr/include/c++/13/array:101:44:101:51"
"iterator","iterator",1,1,"uninstantiated-template","value_type *","file:///media/jefferson/11c42dee-73a3-4c2b-ab42-a0440011d9e0/.s-core-build/runs/score-communication-bug-recovery-fw8j963z/baseline-check/score/mw/com/impl/bindings/lola/linear_search_map.h:77:11:77:18"
"iterator","iterator",1,1,"uninstantiated-template","pointer","file:///media/jefferson/11c42dee-73a3-4c2b-ab42-a0440011d9e0/.s-core-build/runs/score-communication-bug-recovery-fw8j963z/bazel-inner/0ee02474a779b83b3b0b23a41897ed42/external/+_repo_rules2+ubuntu24_04_sysroot_amd64/sysroot/usr/include/c++/13/bits/stl_tempbuf.h:148:27:148:34"
"iterator","iterator",1,1,"uninstantiated-template","__iter","file:///media/jefferson/11c42dee-73a3-4c2b-ab42-a0440011d9e0/.s-core-build/runs/score-communication-bug-recovery-fw8j963z/bazel-inner/0ee02474a779b83b3b0b23a41897ed42/external/+_repo_rules2+ubuntu24_04_sysroot_amd64/sysroot/usr/include/c++/13/bits/stl_deque.h:125:33:125:40"
"iterator","iterator",1,1,"uninstantiated-template","const_iterator","file:///media/jefferson/11c42dee-73a3-4c2b-ab42-a0440011d9e0/.s-core-build/runs/score-communication-bug-recovery-fw8j963z/bazel-inner/0ee02474a779b83b3b0b23a41897ed42/external/+_repo_rules2+ubuntu24_04_sysroot_amd64/sysroot/usr/include/c++/13/string_view:122:13:122:20"
"iterator","iterator",1,1,"uninstantiated-template","const_iterator","file:///media/jefferson/11c42dee-73a3-4c2b-ab42-a0440011d9e0/.s-core-build/runs/score-communication-bug-recovery-fw8j963z/bazel-inner/0ee02474a779b83b3b0b23a41897ed42/external/+_repo_rules2+ubuntu24_04_sysroot_amd64/sysroot/usr/include/c++/13/bits/stl_set.h:149:51:149:58"
"iterator","iterator",1,1,"uninstantiated-template","const_iterator","file:///media/jefferson/11c42dee-73a3-4c2b-ab42-a0440011d9e0/.s-core-build/runs/score-communication-bug-recovery-fw8j963z/bazel-inner/0ee02474a779b83b3b0b23a41897ed42/external/+_repo_rules2+ubuntu24_04_sysroot_amd64/sysroot/usr/include/c++/13/bits/stl_multiset.h:147:51:147:58"
"iterator","iterator",1,1,"uninstantiated-template","const_iterator","file:///media/jefferson/11c42dee-73a3-4c2b-ab42-a0440011d9e0/.s-core-build/runs/score-communication-bug-recovery-fw8j963z/bazel-inner/0ee02474a779b83b3b0b23a41897ed42/external/score_baselibs+/score/language/futurecpp/include/score/string_view.hpp:53:11:53:18"
"iterator","iterator",1,1,"uninstantiated-template","iterator","file:///media/jefferson/11c42dee-73a3-4c2b-ab42-a0440011d9e0/.s-core-build/runs/score-communication-bug-recovery-fw8j963z/bazel-inner/0ee02474a779b83b3b0b23a41897ed42/external/+_repo_rules2+ubuntu24_04_sysroot_amd64/sysroot/usr/include/c++/13/bits/hashtable_policy.h:1102:13:1102:20"
"iterator","iterator",1,1,"uninstantiated-template","iterator","file:///media/jefferson/11c42dee-73a3-4c2b-ab42-a0440011d9e0/.s-core-build/runs/score-communication-bug-recovery-fw8j963z/bazel-inner/0ee02474a779b83b3b0b23a41897ed42/external/+_repo_rules2+ubuntu24_04_sysroot_amd64/sysroot/usr/include/c++/13/bits/hashtable_policy.h:1060:13:1060:20"
"iterator","iterator",1,1,"uninstantiated-template","iterator","file:///media/jefferson/11c42dee-73a3-4c2b-ab42-a0440011d9e0/.s-core-build/runs/score-communication-bug-recovery-fw8j963z/bazel-inner/0ee02474a779b83b3b0b23a41897ed42/external/+_repo_rules2+ubuntu24_04_sysroot_amd64/sysroot/usr/include/c++/13/bits/hashtable.h:248:13:248:20"
"iterator","iterator",1,1,"uninstantiated-template","iterator","file:///media/jefferson/11c42dee-73a3-4c2b-ab42-a0440011d9e0/.s-core-build/runs/score-communication-bug-recovery-fw8j963z/bazel-inner/0ee02474a779b83b3b0b23a41897ed42/external/+_repo_rules2+ubuntu24_04_sysroot_amd64/sysroot/usr/include/c++/13/bits/stl_map.h:176:46:176:53"
"iterator","iterator",1,1,"uninstantiated-template","iterator","file:///media/jefferson/11c42dee-73a3-4c2b-ab42-a0440011d9e0/.s-core-build/runs/score-communication-bug-recovery-fw8j963z/bazel-inner/0ee02474a779b83b3b0b23a41897ed42/external/+_repo_rules2+ubuntu24_04_sysroot_amd64/sysroot/usr/include/c++/13/bits/unordered_map.h:132:46:132:53"
"iterator","iterator",1,1,"uninstantiated-template","iterator","file:///media/jefferson/11c42dee-73a3-4c2b-ab42-a0440011d9e0/.s-core-build/runs/score-communication-bug-recovery-fw8j963z/bazel-inner/0ee02474a779b83b3b0b23a41897ed42/external/+_repo_rules2+ubuntu24_04_sysroot_amd64/sysroot/usr/include/c++/13/bits/unordered_map.h:1277:46:1277:53"
"iterator","iterator",1,1,"uninstantiated-template","iterator","file:///media/jefferson/11c42dee-73a3-4c2b-ab42-a0440011d9e0/.s-core-build/runs/score-communication-bug-recovery-fw8j963z/bazel-inner/0ee02474a779b83b3b0b23a41897ed42/external/+_repo_rules2+ubuntu24_04_sysroot_amd64/sysroot/usr/include/c++/13/bits/stl_deque.h:819:42:819:49"
"iterator","iterator",1,1,"uninstantiated-template","iterator","file:///media/jefferson/11c42dee-73a3-4c2b-ab42-a0440011d9e0/.s-core-build/runs/score-communication-bug-recovery-fw8j963z/bazel-inner/0ee02474a779b83b3b0b23a41897ed42/external/+_repo_rules2+ubuntu24_04_sysroot_amd64/sysroot/usr/include/c++/13/bits/unordered_set.h:126:46:126:53"
"iterator","iterator",1,1,"uninstantiated-template","iterator","file:///media/jefferson/11c42dee-73a3-4c2b-ab42-a0440011d9e0/.s-core-build/runs/score-communication-bug-recovery-fw8j963z/bazel-inner/0ee02474a779b83b3b0b23a41897ed42/external/+_repo_rules2+ubuntu24_04_sysroot_amd64/sysroot/usr/include/c++/13/bits/unordered_set.h:994:46:994:53"
"iterator","iterator",1,1,"uninstantiated-template","iterator","file:///media/jefferson/11c42dee-73a3-4c2b-ab42-a0440011d9e0/.s-core-build/runs/score-communication-bug-recovery-fw8j963z/baseline-check/score/mw/com/impl/service_element_map_view.h:43:11:43:18"
"iterator","iterator",1,1,"uninstantiated-template","iterator","file:///media/jefferson/11c42dee-73a3-4c2b-ab42-a0440011d9e0/.s-core-build/runs/score-communication-bug-recovery-fw8j963z/bazel-inner/0ee02474a779b83b3b0b23a41897ed42/external/+_repo_rules2+ubuntu24_04_sysroot_amd64/sysroot/usr/include/c++/13/bits/stl_multimap.h:167:46:167:53"
"iterator","iterator",1,1,"uninstantiated-template","iterator","file:///media/jefferson/11c42dee-73a3-4c2b-ab42-a0440011d9e0/.s-core-build/runs/score-communication-bug-recovery-fw8j963z/bazel-inner/0ee02474a779b83b3b0b23a41897ed42/external/+_repo_rules2+ubuntu24_04_sysroot_amd64/sysroot/usr/include/c++/13/bits/forward_list.h:458:42:458:49"
"iterator","iterator",1,1,"uninstantiated-template","iterator","file:///media/jefferson/11c42dee-73a3-4c2b-ab42-a0440011d9e0/.s-core-build/runs/score-communication-bug-recovery-fw8j963z/bazel-inner/0ee02474a779b83b3b0b23a41897ed42/external/nlohmann_json+/include/nlohmann/ordered_map.hpp:34:11:34:18"
"iterator","iterator",1,1,"uninstantiated-template","_Rb_tree_iterator<_Tp>","file:///media/jefferson/11c42dee-73a3-4c2b-ab42-a0440011d9e0/.s-core-build/runs/score-communication-bug-recovery-fw8j963z/bazel-inner/0ee02474a779b83b3b0b23a41897ed42/external/+_repo_rules2+ubuntu24_04_sysroot_amd64/sysroot/usr/include/c++/13/bits/stl_tree.h:334:38:334:45"
"iterator","iterator",1,1,"uninstantiated-template","_Bit_iterator","file:///media/jefferson/11c42dee-73a3-4c2b-ab42-a0440011d9e0/.s-core-build/runs/score-communication-bug-recovery-fw8j963z/bazel-inner/0ee02474a779b83b3b0b23a41897ed42/external/+_repo_rules2+ubuntu24_04_sysroot_amd64/sysroot/usr/include/c++/13/bits/stl_bvector.h:758:32:758:39"
"iterator","iterator",1,1,"uninstantiated-template","const _E *","file:///media/jefferson/11c42dee-73a3-4c2b-ab42-a0440011d9e0/.s-core-build/runs/score-communication-bug-recovery-fw8j963z/bazel-inner/0ee02474a779b83b3b0b23a41897ed42/external/+_repo_rules2+ubuntu24_04_sysroot_amd64/sysroot/usr/include/c++/13/initializer_list:52:26:52:33"
"iterator","iterator",1,1,"uninstantiated-template","iterator_impl<false>","file:///media/jefferson/11c42dee-73a3-4c2b-ab42-a0440011d9e0/.s-core-build/runs/score-communication-bug-recovery-fw8j963z/bazel-inner/0ee02474a779b83b3b0b23a41897ed42/external/score_baselibs+/score/containers/intrusive_list.h:254:11:254:18"
"iterator","iterator",1,1,"uninstantiated-template","iterator<span<T, 18446744073709551615UL>, false>","file:///media/jefferson/11c42dee-73a3-4c2b-ab42-a0440011d9e0/.s-core-build/runs/score-communication-bug-recovery-fw8j963z/bazel-inner/0ee02474a779b83b3b0b23a41897ed42/external/score_baselibs+/score/language/futurecpp/include/score/span.hpp:125:11:125:18"
"iterator","iterator",1,1,"uninstantiated-template","ElementType *","file:///media/jefferson/11c42dee-73a3-4c2b-ab42-a0440011d9e0/.s-core-build/runs/score-communication-bug-recovery-fw8j963z/bazel-inner/0ee02474a779b83b3b0b23a41897ed42/external/score_baselibs+/score/containers/non_relocatable_vector.h:115:11:115:18"
"iterator","iterator",1,1,"uninstantiated-template","ElementType *","file:///media/jefferson/11c42dee-73a3-4c2b-ab42-a0440011d9e0/.s-core-build/runs/score-communication-bug-recovery-fw8j963z/bazel-inner/0ee02474a779b83b3b0b23a41897ed42/external/score_baselibs+/score/containers/dynamic_array.h:65:11:65:18"
"iterator","iterator",1,1,"uninstantiated-template","_List_iterator<_Tp>","file:///media/jefferson/11c42dee-73a3-4c2b-ab42-a0440011d9e0/.s-core-build/runs/score-communication-bug-recovery-fw8j963z/bazel-inner/0ee02474a779b83b3b0b23a41897ed42/external/+_repo_rules2+ubuntu24_04_sysroot_amd64/sysroot/usr/include/c++/13/bits/stl_list.h:664:38:664:45"
"iterator","iterator",1,1,"uninstantiated-template","_List_iterator<_Tp>","file:///media/jefferson/11c42dee-73a3-4c2b-ab42-a0440011d9e0/.s-core-build/runs/score-communication-bug-recovery-fw8j963z/bazel-inner/0ee02474a779b83b3b0b23a41897ed42/external/+_repo_rules2+ubuntu24_04_sysroot_amd64/sysroot/usr/include/c++/13/bits/stl_list.h:342:36:342:43"
"iterator","iterator",1,1,"uninstantiated-template","__normal_iterator<pointer, vector<_Tp, _Alloc>>","file:///media/jefferson/11c42dee-73a3-4c2b-ab42-a0440011d9e0/.s-core-build/runs/score-communication-bug-recovery-fw8j963z/bazel-inner/0ee02474a779b83b3b0b23a41897ed42/external/+_repo_rules2+ubuntu24_04_sysroot_amd64/sysroot/usr/include/c++/13/bits/stl_vector.h:458:61:458:68"
"iterator","iterator",1,1,"uninstantiated-template","__normal_iterator<pointer, basic_string<_CharT, _Traits, _Alloc>>","file:///media/jefferson/11c42dee-73a3-4c2b-ab42-a0440011d9e0/.s-core-build/runs/score-communication-bug-recovery-fw8j963z/bazel-inner/0ee02474a779b83b3b0b23a41897ed42/external/+_repo_rules2+ubuntu24_04_sysroot_amd64/sysroot/usr/include/c++/13/bits/basic_string.h:105:68:105:75"
"iterator","iterator",1,1,"uninstantiated-template","_Node_iterator<_Value, value, value>","file:///media/jefferson/11c42dee-73a3-4c2b-ab42-a0440011d9e0/.s-core-build/runs/score-communication-bug-recovery-fw8j963z/bazel-inner/0ee02474a779b83b3b0b23a41897ed42/external/+_repo_rules2+ubuntu24_04_sysroot_amd64/sysroot/usr/include/c++/13/bits/hashtable_policy.h:917:13:917:20"
"iterator","iterator",1,1,"uninstantiated-template","_Rb_tree_iterator<_Val>","file:///media/jefferson/11c42dee-73a3-4c2b-ab42-a0440011d9e0/.s-core-build/runs/score-communication-bug-recovery-fw8j963z/bazel-inner/0ee02474a779b83b3b0b23a41897ed42/external/+_repo_rules2+ubuntu24_04_sysroot_amd64/sysroot/usr/include/c++/13/bits/stl_tree.h:817:51:817:58"
"iterator","iterator",1,1,"uninstantiated-template","_Deque_iterator<_Tp, _Tp &, pointer>","file:///media/jefferson/11c42dee-73a3-4c2b-ab42-a0440011d9e0/.s-core-build/runs/score-communication-bug-recovery-fw8j963z/bazel-inner/0ee02474a779b83b3b0b23a41897ed42/external/+_repo_rules2+ubuntu24_04_sysroot_amd64/sysroot/usr/include/c++/13/bits/stl_deque.h:455:50:455:57"
"iterator","iterator",1,1,"uninstantiated-template","_Fwd_list_iterator<_Tp>","file:///media/jefferson/11c42dee-73a3-4c2b-ab42-a0440011d9e0/.s-core-build/runs/score-communication-bug-recovery-fw8j963z/bazel-inner/0ee02474a779b83b3b0b23a41897ed42/external/+_repo_rules2+ubuntu24_04_sysroot_amd64/sysroot/usr/include/c++/13/bits/forward_list.h:325:40:325:47"
"iterator","iterator",1,1,"uninstantiated-template","_Fwd_list_iterator<_Tp>","file:///media/jefferson/11c42dee-73a3-4c2b-ab42-a0440011d9e0/.s-core-build/runs/score-communication-bug-recovery-fw8j963z/bazel-inner/0ee02474a779b83b3b0b23a41897ed42/external/+_repo_rules2+ubuntu24_04_sysroot_amd64/sysroot/usr/include/c++/13/bits/forward_list.h:218:40:218:47"
"iterator","iterator",1,1,"uninstantiated-template","detected_t","file:///media/jefferson/11c42dee-73a3-4c2b-ab42-a0440011d9e0/.s-core-build/runs/score-communication-bug-recovery-fw8j963z/bazel-inner/0ee02474a779b83b3b0b23a41897ed42/external/nlohmann_json+/include/nlohmann/detail/meta/type_traits.hpp:317:11:317:18"
"iterator","iterator",1,1,"uninstantiated-template","iter_impl","file:///media/jefferson/11c42dee-73a3-4c2b-ab42-a0440011d9e0/.s-core-build/runs/score-communication-bug-recovery-fw8j963z/bazel-inner/0ee02474a779b83b3b0b23a41897ed42/external/nlohmann_json+/include/nlohmann/json.hpp:228:11:228:18"
"iterator","iterator",1,1,"uninstantiated-template","circular_buffer_iterator<circular_buffer<T, MaxSize>, false>","file:///media/jefferson/11c42dee-73a3-4c2b-ab42-a0440011d9e0/.s-core-build/runs/score-communication-bug-recovery-fw8j963z/bazel-inner/0ee02474a779b83b3b0b23a41897ed42/external/score_baselibs+/score/language/futurecpp/include/score/circular_buffer.hpp:153:11:153:18"
"iterator","iterator",1,1,"uninstantiated-template","iterator<inplace_vector<T, MaxSize>, false>","file:///media/jefferson/11c42dee-73a3-4c2b-ab42-a0440011d9e0/.s-core-build/runs/score-communication-bug-recovery-fw8j963z/bazel-inner/0ee02474a779b83b3b0b23a41897ed42/external/score_baselibs+/score/language/futurecpp/include/score/inplace_vector.hpp:131:11:131:18"
"Result","Result",0,0,"plain","expected<unsigned int, Error>",""
"Result","Result",0,0,"plain","expected<MemoryRegionBounds, Error>",""
"Result","Result",0,0,"plain","expected<char *, Error>",""
"Result","Result",0,0,"plain","expected<signed int, Error>",""
"Result","Result",0,0,"plain","expected<T, Error>",""
"Result","Result",0,0,"plain","expected<void, Error>",""
"Result","Result",0,0,"plain","expected<span<byte, 18446744073709551615UL>, Error>",""
"Result","Result",0,0,"plain","expected<expected<void, Error>, Error>",""
"Result","Result",0,0,"plain","expected<unsigned short, Error>",""
"Result","Result",0,0,"plain","expected<FlagFile, Error>",""
"Result","Result",0,0,"plain","expected<pair<unique_ptr<basic_iostream<char, char_traits<char>>, default_delete<basic_iostream<char, char_traits<char>>>>, Path>, Error>",""
"Result","Result",0,0,"plain","expected<vector<HandleType, allocator<HandleType>>, Error>",""
"Result","Result",0,0,"plain","expected<QualityAwareContainer<KnownInstancesContainer>, Error>",""
"Result","Result",0,0,"plain","expected<tuple<unordered_map<InotifyWatchDescriptor, EnrichedInstanceIdentifier, hash<InotifyWatchDescriptor>, equal_to<InotifyWatchDescriptor>, allocator<pair<const InotifyWatchDescriptor, EnrichedInstanceIdentifier>>>, QualityAwareContainer<KnownInstancesContainer>>, Error>",""
"Result","Result",0,0,"plain","expected<InotifyWatchDescriptor, Error>",""
"Result","Result",0,0,"plain","expected<vector<EnrichedInstanceIdentifier, allocator<EnrichedInstanceIdentifier>>, Error>",""
"Result","Result",0,0,"plain","expected<LolaServiceInstanceId, Error>",""
"Result","Result",0,0,"plain","expected<SamplePtr<void>, Error>",""
"Result","Result",0,0,"plain","expected<ScopeExit<MoveOnlyScopedFunction<..(..), allocator<unsigned char>>>, Error>",""
"Result","Result",0,0,"plain","expected<pair<ScopeExit<MoveOnlyScopedFunction<..(..), allocator<unsigned char>>>, ScopeExit<MoveOnlyScopedFunction<..(..), allocator<unsigned char>>>>, Error>",""
"Result","Result",0,0,"plain","expected<TransactionLogRegistrationGuard, Error>",""
"Result","Result",0,0,"plain","expected<unsigned char, Error>",""
"Result","Result",0,0,"plain","expected<basic_string<char, char_traits<char>, allocator<char>>, Error>",""
"Result","Result",0,0,"plain","expected<basic_string_view<char, char_traits<char>>, Error>",""
"Result","Result",0,0,"plain","expected<reference_wrapper<const basic_string<char, char_traits<char>, allocator<char>>>, Error>",""
"Result","Result",0,0,"plain","expected<reference_wrapper<const vector<Any, allocator<Any>>>, Error>",""
"Result","Result",0,0,"plain","expected<SampleAllocateePtr<void>, Error>",""
"Result","Result",0,0,"plain","expected<GenericSkeleton, Error>",""
"Result","Result",0,0,"plain","expected<DataTypeSizeInfo, Error>",""
"Result","Result",0,0,"plain","expected<GenericProxy, Error>",""
"Result","Result",0,0,"plain","expected<SampleAllocateePtr<SampleType>, Error>",""
"Result","Result",0,0,"plain","expected<InstanceIdentifier, Error>",""
"Result","Result",0,0,"plain","expected<Any, Error>",""
"Result","Result",0,0,"plain","expected<reference_wrapper<map<StringComparisonAdaptor, Any, less<StringComparisonAdaptor>, allocator<pair<const StringComparisonAdaptor, Any>>>>, Error>",""
"Result","Result",0,0,"plain","expected<unique_ptr<ProxyBinding, default_delete<ProxyBinding>>, Error>",""
"Result","Result",0,0,"plain","expected<reference_wrapper<const map<StringComparisonAdaptor, Any, less<StringComparisonAdaptor>, allocator<pair<const StringComparisonAdaptor, Any>>>>, Error>",""
"Result","Result",0,0,"plain","expected<unique_ptr<GenericProxyEventBinding, default_delete<GenericProxyEventBinding>>, Error>",""
"Result","Result",0,0,"plain","expected<unique_ptr<ProxyMethodBinding, default_delete<ProxyMethodBinding>>, Error>",""
"Result","Result",0,0,"plain","expected<unique_ptr<ProxyEventBinding, default_delete<ProxyEventBinding>>, Error>",""
"Result","Result",0,0,"plain","expected<unique_ptr<ProxyEvent, default_delete<ProxyEvent>>, Error>",""
"Result","Result",0,0,"plain","expected<unsigned long, Error>",""
"Result","Result",0,0,"plain","expected<signed long, Error>",""
"Result","Result",0,0,"plain","expected<TracingFilterConfig, Error>",""
"Result","Result",0,0,"plain","expected<void *, Error>",""
"Result","Result",0,0,"plain","expected<bool, Error>",""
"Result","Result",0,0,"plain","expected<FindServiceHandle, Error>",""
"Result","Result",0,0,"plain","expected<vector<ScopeExit<move_only_function<..(..), 32UL, 16UL>>, allocator<ScopeExit<move_only_function<..(..), 32UL, 16UL>>>>, Error>",""
"Result","Result",0,0,"plain","expected<double, Error>",""
"Result","Result",0,0,"plain","expected<float, Error>",""
"Result","Result",0,0,"plain","expected<signed char, Error>",""
"Result","Result",0,0,"plain","expected<signed short, Error>",""
"Result","Result",0,0,"plain","expected<reference_wrapper<const T>, Error>",""
"Result","Result",0,0,"plain","expected<reference_wrapper<T>, Error>",""
"Result","Result",0,0,"plain","expected<RV, Error>",""
"Result","Result",0,0,"plain","expected<unique_ptr<FileStream, default_delete<FileStream>>, Error>",""
"Result","Result",0,0,"plain","expected<unique_ptr<basic_iostream<char, char_traits<char>>, default_delete<basic_iostream<char, char_traits<char>>>>, Error>",""
"Result","Result",0,0,"plain","expected<IdentityMetadata, Error>",""
"Result","Result",0,0,"plain","expected<FileStatus, Error>",""
"Result","Result",0,0,"plain","expected<InstanceSpecifier, Error>",""
"Result","Result",0,0,"plain","expected<Value, Error>",""
"Result","Result",0,0,"plain","expected<reference_wrapper<Value>, Error>",""
"Result","Result",0,0,"plain","expected<vector<InstanceIdentifier, allocator<InstanceIdentifier>>, Error>",""
"Result","Result",0,0,"plain","expected<reference_wrapper<const Value>, Error>",""
"Result","Result",0,0,"plain","expected<tuple<MethodInArgPtr<ArgTypes>...>, Error>",""
"Result","Result",0,0,"plain","expected<tuple<MethodSignatureElementPtr<ArgTypes>...>, Error>",""
"Result","Result",0,0,"plain","expected<MethodSignatureElementPtr<ReturnType>, Error>",""
"Result","Result",0,0,"plain","expected<FieldType, Error>",""
"Result","Result",0,0,"plain","expected<MethodSignatureElementPtr<SampleDataType>, Error>",""
"Result","Result",0,0,"plain","expected<MethodSignatureElementPtr<T>, Error>",""
"Result","Result",0,0,"plain","expected<SampleAllocateePtr<SampleDataType>, Error>",""
"Result","Result",0,0,"plain","expected<SamplePtr<SampleType>, Error>",""
"Result","Result",0,0,"plain","expected<SampleDataType, Error>",""
"Result","Result",0,0,"plain","expected<ProxyWrapperClass<Interface>, Error>",""
"Result","Result",0,0,"plain","expected<SkeletonWrapperClass<Interface>, Error>",""
"Result","Result",0,0,"plain","expected<Path, Error>",""
"Result","Result",0,0,"plain","expected<time_point<system_clock, duration<signed long, ratio<1L, 1000000000L>>>, Error>",""
"Result","Result",0,0,"plain","expected<__dirstream *, Error>",""
"Result","Result",0,0,"plain","expected<int, Error>",""
"Result","Result",0,0,"plain","expected<Output, Error>",""
"Result","Result",0,0,"plain","expected<reference_wrapper<const Number>, Error>",""
"Result","Result",0,0,"plain","expected<reference_wrapper<const Null>, Error>",""
"Result","Result",0,0,"plain","expected<Any *, Error>",""
"Result","Result",0,0,"plain","expected<reference_wrapper<vector<Any, allocator<Any>>>, Error>",""
"Result","Result",0,0,"plain","expected<Configuration, Error>",""
"Result","Result",0,0,"plain","expected<LogMode, Error>",""
"Result","Result",0,0,"plain","expected<unordered_set<LogMode, hash<LogMode>, equal_to<LogMode>, allocator<LogMode>>, Error>",""
"Result","Result",0,0,"plain","expected<LogLevel, Error>",""
"Result","Result",0,0,"plain","expected<ResultType, Error>",""
"Result","Result",1,1,"plain","expected<R, Error>","file:///media/jefferson/11c42dee-73a3-4c2b-ab42-a0440011d9e0/.s-core-build/runs/score-communication-bug-recovery-fw8j963z/bazel-inner/0ee02474a779b83b3b0b23a41897ed42/external/score_baselibs+/score/os/errno.h:152:7:152:12"
"Result","Result",1,1,"plain","expected<T, Error>","file:///media/jefferson/11c42dee-73a3-4c2b-ab42-a0440011d9e0/.s-core-build/runs/score-communication-bug-recovery-fw8j963z/bazel-inner/0ee02474a779b83b3b0b23a41897ed42/external/score_baselibs+/score/result/result.h:34:7:34:12"
"expected_blank","expected_blank",0,0,"plain","expected<blank, Error>",""
"expected_blank","expected_blank",1,1,"plain","expected<blank, E>","file:///media/jefferson/11c42dee-73a3-4c2b-ab42-a0440011d9e0/.s-core-build/runs/score-communication-bug-recovery-fw8j963z/bazel-inner/0ee02474a779b83b3b0b23a41897ed42/external/score_baselibs+/score/language/futurecpp/include/score/expected.hpp:762:7:762:20"
"FindServiceHandler","FindServiceHandler",0,0,"plain","callback",""
"FindServiceHandler","FindServiceHandler",1,1,"plain","callback","file:///media/jefferson/11c42dee-73a3-4c2b-ab42-a0440011d9e0/.s-core-build/runs/score-communication-bug-recovery-fw8j963z/baseline-check/score/mw/com/impl/find_service_handler.h:41:7:41:24"
"FindServiceHandler","FindServiceHandler",1,1,"plain","FindServiceHandler","file:///media/jefferson/11c42dee-73a3-4c2b-ab42-a0440011d9e0/.s-core-build/runs/score-communication-bug-recovery-fw8j963z/baseline-check/score/mw/com/types.h:79:7:79:24"
