7,2,21,1,7,"transport::TransportRouterStatistics::increment@15-21@/media/jefferson/11c42dee-73a3-4c2b-ab42-a0440011d9e0/worktrees/thinking-caps-openbsw/OpenBSW/contrib/libs/bsw/transportRouter/src/transport/routing/TransportRouterStatistics.cpp","/media/jefferson/11c42dee-73a3-4c2b-ab42-a0440011d9e0/worktrees/thinking-caps-openbsw/OpenBSW/contrib/libs/bsw/transportRouter/src/transport/routing/TransportRouterStatistics.cpp","transport::TransportRouterStatistics::increment","transport::TransportRouterStatistics::increment( uint16_t & value)",15,21
7,2,39,2,7,"transport::TransportRouterStatistics::count@23-29@/media/jefferson/11c42dee-73a3-4c2b-ab42-a0440011d9e0/worktrees/thinking-caps-openbsw/OpenBSW/contrib/libs/bsw/transportRouter/src/transport/routing/TransportRouterStatistics.cpp","/media/jefferson/11c42dee-73a3-4c2b-ab42-a0440011d9e0/worktrees/thinking-caps-openbsw/OpenBSW/contrib/libs/bsw/transportRouter/src/transport/routing/TransportRouterStatistics.cpp","transport::TransportRouterStatistics::count","transport::TransportRouterStatistics::count( size_t const routeIndex , RouteCounter const counter)",23,29
4,1,24,1,4,"transport::TransportRouterStatistics::count@31-34@/media/jefferson/11c42dee-73a3-4c2b-ab42-a0440011d9e0/worktrees/thinking-caps-openbsw/OpenBSW/contrib/libs/bsw/transportRouter/src/transport/routing/TransportRouterStatistics.cpp","/media/jefferson/11c42dee-73a3-4c2b-ab42-a0440011d9e0/worktrees/thinking-caps-openbsw/OpenBSW/contrib/libs/bsw/transportRouter/src/transport/routing/TransportRouterStatistics.cpp","transport::TransportRouterStatistics::count","transport::TransportRouterStatistics::count( RouterCounter const counter)",31,34
4,2,38,2,4,"transport::TransportRouterStatistics::get@36-39@/media/jefferson/11c42dee-73a3-4c2b-ab42-a0440011d9e0/worktrees/thinking-caps-openbsw/OpenBSW/contrib/libs/bsw/transportRouter/src/transport/routing/TransportRouterStatistics.cpp","/media/jefferson/11c42dee-73a3-4c2b-ab42-a0440011d9e0/worktrees/thinking-caps-openbsw/OpenBSW/contrib/libs/bsw/transportRouter/src/transport/routing/TransportRouterStatistics.cpp","transport::TransportRouterStatistics::get","transport::TransportRouterStatistics::get( size_t const routeIndex , RouteCounter const counter) const",36,39
4,1,23,1,4,"transport::TransportRouterStatistics::get@41-44@/media/jefferson/11c42dee-73a3-4c2b-ab42-a0440011d9e0/worktrees/thinking-caps-openbsw/OpenBSW/contrib/libs/bsw/transportRouter/src/transport/routing/TransportRouterStatistics.cpp","/media/jefferson/11c42dee-73a3-4c2b-ab42-a0440011d9e0/worktrees/thinking-caps-openbsw/OpenBSW/contrib/libs/bsw/transportRouter/src/transport/routing/TransportRouterStatistics.cpp","transport::TransportRouterStatistics::get","transport::TransportRouterStatistics::get( RouterCounter const counter) const",41,44
8,2,31,0,8,"transport::TransportRouterStatistics::reset@46-53@/media/jefferson/11c42dee-73a3-4c2b-ab42-a0440011d9e0/worktrees/thinking-caps-openbsw/OpenBSW/contrib/libs/bsw/transportRouter/src/transport/routing/TransportRouterStatistics.cpp","/media/jefferson/11c42dee-73a3-4c2b-ab42-a0440011d9e0/worktrees/thinking-caps-openbsw/OpenBSW/contrib/libs/bsw/transportRouter/src/transport/routing/TransportRouterStatistics.cpp","transport::TransportRouterStatistics::reset","transport::TransportRouterStatistics::reset()",46,53
41,6,253,3,41,"transport::TransportRouter::TransportRouter@26-66@/media/jefferson/11c42dee-73a3-4c2b-ab42-a0440011d9e0/worktrees/thinking-caps-openbsw/OpenBSW/contrib/libs/bsw/transportRouter/src/transport/routing/TransportRouter.cpp","/media/jefferson/11c42dee-73a3-4c2b-ab42-a0440011d9e0/worktrees/thinking-caps-openbsw/OpenBSW/contrib/libs/bsw/transportRouter/src/transport/routing/TransportRouter.cpp","transport::TransportRouter::TransportRouter","transport::TransportRouter::TransportRouter( TransportRouterConfiguration const & configuration , TransportRouterStatistics & statistics , NowMsType const nowMs)",26,66
51,21,319,1,51,"transport::TransportRouter::validate@68-118@/media/jefferson/11c42dee-73a3-4c2b-ab42-a0440011d9e0/worktrees/thinking-caps-openbsw/OpenBSW/contrib/libs/bsw/transportRouter/src/transport/routing/TransportRouter.cpp","/media/jefferson/11c42dee-73a3-4c2b-ab42-a0440011d9e0/worktrees/thinking-caps-openbsw/OpenBSW/contrib/libs/bsw/transportRouter/src/transport/routing/TransportRouter.cpp","transport::TransportRouter::validate","transport::TransportRouter::validate( size_t & badRouteIndex) const",68,118
17,9,85,1,17,"transport::TransportRouter::toString@120-136@/media/jefferson/11c42dee-73a3-4c2b-ab42-a0440011d9e0/worktrees/thinking-caps-openbsw/OpenBSW/contrib/libs/bsw/transportRouter/src/transport/routing/TransportRouter.cpp","/media/jefferson/11c42dee-73a3-4c2b-ab42-a0440011d9e0/worktrees/thinking-caps-openbsw/OpenBSW/contrib/libs/bsw/transportRouter/src/transport/routing/TransportRouter.cpp","transport::TransportRouter::toString","transport::TransportRouter::toString( ValidationError const error)",120,136
10,2,42,0,10,"transport::TransportRouter::init@138-147@/media/jefferson/11c42dee-73a3-4c2b-ab42-a0440011d9e0/worktrees/thinking-caps-openbsw/OpenBSW/contrib/libs/bsw/transportRouter/src/transport/routing/TransportRouter.cpp","/media/jefferson/11c42dee-73a3-4c2b-ab42-a0440011d9e0/worktrees/thinking-caps-openbsw/OpenBSW/contrib/libs/bsw/transportRouter/src/transport/routing/TransportRouter.cpp","transport::TransportRouter::init","transport::TransportRouter::init()",138,147
1,1,13,0,1,"transport::TransportRouter::shutdown@149-149@/media/jefferson/11c42dee-73a3-4c2b-ab42-a0440011d9e0/worktrees/thinking-caps-openbsw/OpenBSW/contrib/libs/bsw/transportRouter/src/transport/routing/TransportRouter.cpp","/media/jefferson/11c42dee-73a3-4c2b-ab42-a0440011d9e0/worktrees/thinking-caps-openbsw/OpenBSW/contrib/libs/bsw/transportRouter/src/transport/routing/TransportRouter.cpp","transport::TransportRouter::shutdown","transport::TransportRouter::shutdown()",149,149
17,3,77,1,17,"transport::TransportRouter::addTransportLayer@151-167@/media/jefferson/11c42dee-73a3-4c2b-ab42-a0440011d9e0/worktrees/thinking-caps-openbsw/OpenBSW/contrib/libs/bsw/transportRouter/src/transport/routing/TransportRouter.cpp","/media/jefferson/11c42dee-73a3-4c2b-ab42-a0440011d9e0/worktrees/thinking-caps-openbsw/OpenBSW/contrib/libs/bsw/transportRouter/src/transport/routing/TransportRouter.cpp","transport::TransportRouter::addTransportLayer","transport::TransportRouter::addTransportLayer( AbstractTransportLayer & transportLayer)",151,167
10,2,47,1,10,"transport::TransportRouter::removeTransportLayer@169-178@/media/jefferson/11c42dee-73a3-4c2b-ab42-a0440011d9e0/worktrees/thinking-caps-openbsw/OpenBSW/contrib/libs/bsw/transportRouter/src/transport/routing/TransportRouter.cpp","/media/jefferson/11c42dee-73a3-4c2b-ab42-a0440011d9e0/worktrees/thinking-caps-openbsw/OpenBSW/contrib/libs/bsw/transportRouter/src/transport/routing/TransportRouter.cpp","transport::TransportRouter::removeTransportLayer","transport::TransportRouter::removeTransportLayer( AbstractTransportLayer & transportLayer)",169,178
5,2,28,1,5,"transport::TransportRouter::isTester@180-184@/media/jefferson/11c42dee-73a3-4c2b-ab42-a0440011d9e0/worktrees/thinking-caps-openbsw/OpenBSW/contrib/libs/bsw/transportRouter/src/transport/routing/TransportRouter.cpp","/media/jefferson/11c42dee-73a3-4c2b-ab42-a0440011d9e0/worktrees/thinking-caps-openbsw/OpenBSW/contrib/libs/bsw/transportRouter/src/transport/routing/TransportRouter.cpp","transport::TransportRouter::isTester","transport::TransportRouter::isTester( uint16_t const address) const",180,184
11,3,54,1,11,"transport::TransportRouter::routeIndex@186-196@/media/jefferson/11c42dee-73a3-4c2b-ab42-a0440011d9e0/worktrees/thinking-caps-openbsw/OpenBSW/contrib/libs/bsw/transportRouter/src/transport/routing/TransportRouter.cpp","/media/jefferson/11c42dee-73a3-4c2b-ab42-a0440011d9e0/worktrees/thinking-caps-openbsw/OpenBSW/contrib/libs/bsw/transportRouter/src/transport/routing/TransportRouter.cpp","transport::TransportRouter::routeIndex","transport::TransportRouter::routeIndex( uint16_t const logicalAddress) const",186,196
9,3,53,2,9,"transport::TransportRouter::routeFromNode@198-206@/media/jefferson/11c42dee-73a3-4c2b-ab42-a0440011d9e0/worktrees/thinking-caps-openbsw/OpenBSW/contrib/libs/bsw/transportRouter/src/transport/routing/TransportRouter.cpp","/media/jefferson/11c42dee-73a3-4c2b-ab42-a0440011d9e0/worktrees/thinking-caps-openbsw/OpenBSW/contrib/libs/bsw/transportRouter/src/transport/routing/TransportRouter.cpp","transport::TransportRouter::routeFromNode","transport::TransportRouter::routeFromNode( uint8_t const busId , uint16_t const sourceAddress) const",198,206
5,2,42,1,5,"transport::TransportRouter::routeState@208-212@/media/jefferson/11c42dee-73a3-4c2b-ab42-a0440011d9e0/worktrees/thinking-caps-openbsw/OpenBSW/contrib/libs/bsw/transportRouter/src/transport/routing/TransportRouter.cpp","/media/jefferson/11c42dee-73a3-4c2b-ab42-a0440011d9e0/worktrees/thinking-caps-openbsw/OpenBSW/contrib/libs/bsw/transportRouter/src/transport/routing/TransportRouter.cpp","transport::TransportRouter::routeState","transport::TransportRouter::routeState( size_t const index) const",208,212
13,3,46,0,13,"transport::TransportRouter::freeBuffers@214-226@/media/jefferson/11c42dee-73a3-4c2b-ab42-a0440011d9e0/worktrees/thinking-caps-openbsw/OpenBSW/contrib/libs/bsw/transportRouter/src/transport/routing/TransportRouter.cpp","/media/jefferson/11c42dee-73a3-4c2b-ab42-a0440011d9e0/worktrees/thinking-caps-openbsw/OpenBSW/contrib/libs/bsw/transportRouter/src/transport/routing/TransportRouter.cpp","transport::TransportRouter::freeBuffers","transport::TransportRouter::freeBuffers() const",214,226
14,3,71,2,14,"transport::TransportRouter::learnTester@228-241@/media/jefferson/11c42dee-73a3-4c2b-ab42-a0440011d9e0/worktrees/thinking-caps-openbsw/OpenBSW/contrib/libs/bsw/transportRouter/src/transport/routing/TransportRouter.cpp","/media/jefferson/11c42dee-73a3-4c2b-ab42-a0440011d9e0/worktrees/thinking-caps-openbsw/OpenBSW/contrib/libs/bsw/transportRouter/src/transport/routing/TransportRouter.cpp","transport::TransportRouter::learnTester","transport::TransportRouter::learnTester( uint16_t const address , uint8_t const busId)",228,241
12,4,57,1,12,"transport::TransportRouter::testerBus@243-254@/media/jefferson/11c42dee-73a3-4c2b-ab42-a0440011d9e0/worktrees/thinking-caps-openbsw/OpenBSW/contrib/libs/bsw/transportRouter/src/transport/routing/TransportRouter.cpp","/media/jefferson/11c42dee-73a3-4c2b-ab42-a0440011d9e0/worktrees/thinking-caps-openbsw/OpenBSW/contrib/libs/bsw/transportRouter/src/transport/routing/TransportRouter.cpp","transport::TransportRouter::testerBus","transport::TransportRouter::testerBus( uint16_t const address) const",243,254
23,7,138,3,24,"transport::TransportRouter::allocate@256-279@/media/jefferson/11c42dee-73a3-4c2b-ab42-a0440011d9e0/worktrees/thinking-caps-openbsw/OpenBSW/contrib/libs/bsw/transportRouter/src/transport/routing/TransportRouter.cpp","/media/jefferson/11c42dee-73a3-4c2b-ab42-a0440011d9e0/worktrees/thinking-caps-openbsw/OpenBSW/contrib/libs/bsw/transportRouter/src/transport/routing/TransportRouter.cpp","transport::TransportRouter::allocate","transport::TransportRouter::allocate( uint16_t const size , uint8_t const route , TransportMessage * & pTransportMessage)",256,279
71,16,405,5,78,"transport::TransportRouter::getTransportMessage@281-358@/media/jefferson/11c42dee-73a3-4c2b-ab42-a0440011d9e0/worktrees/thinking-caps-openbsw/OpenBSW/contrib/libs/bsw/transportRouter/src/transport/routing/TransportRouter.cpp","/media/jefferson/11c42dee-73a3-4c2b-ab42-a0440011d9e0/worktrees/thinking-caps-openbsw/OpenBSW/contrib/libs/bsw/transportRouter/src/transport/routing/TransportRouter.cpp","transport::TransportRouter::getTransportMessage","transport::TransportRouter::getTransportMessage( uint8_t const srcBusId , uint16_t const sourceAddress , uint16_t const targetAddress , uint16_t const size , :: etl :: span<uint8_t const> const & , TransportMessage * & pTransportMessage)",281,358
17,5,93,1,18,"transport::TransportRouter::releaseTransportMessage@360-377@/media/jefferson/11c42dee-73a3-4c2b-ab42-a0440011d9e0/worktrees/thinking-caps-openbsw/OpenBSW/contrib/libs/bsw/transportRouter/src/transport/routing/TransportRouter.cpp","/media/jefferson/11c42dee-73a3-4c2b-ab42-a0440011d9e0/worktrees/thinking-caps-openbsw/OpenBSW/contrib/libs/bsw/transportRouter/src/transport/routing/TransportRouter.cpp","transport::TransportRouter::releaseTransportMessage","transport::TransportRouter::releaseTransportMessage( TransportMessage & transportMessage)",360,377
42,8,220,3,45,"transport::TransportRouter::messageReceived@379-423@/media/jefferson/11c42dee-73a3-4c2b-ab42-a0440011d9e0/worktrees/thinking-caps-openbsw/OpenBSW/contrib/libs/bsw/transportRouter/src/transport/routing/TransportRouter.cpp","/media/jefferson/11c42dee-73a3-4c2b-ab42-a0440011d9e0/worktrees/thinking-caps-openbsw/OpenBSW/contrib/libs/bsw/transportRouter/src/transport/routing/TransportRouter.cpp","transport::TransportRouter::messageReceived","transport::TransportRouter::messageReceived( uint8_t const sourceBusId , TransportMessage & transportMessage , ITransportMessageProcessedListener * const pNotificationListener)",379,423
27,2,170,4,28,"transport::TransportRouter::routeRequest@425-452@/media/jefferson/11c42dee-73a3-4c2b-ab42-a0440011d9e0/worktrees/thinking-caps-openbsw/OpenBSW/contrib/libs/bsw/transportRouter/src/transport/routing/TransportRouter.cpp","/media/jefferson/11c42dee-73a3-4c2b-ab42-a0440011d9e0/worktrees/thinking-caps-openbsw/OpenBSW/contrib/libs/bsw/transportRouter/src/transport/routing/TransportRouter.cpp","transport::TransportRouter::routeRequest","transport::TransportRouter::routeRequest( size_t const index , uint8_t const testerBusId , TransportMessage & message , ITransportMessageProcessedListener * const listener)",425,452
48,7,274,3,50,"transport::TransportRouter::routeFunctional@454-503@/media/jefferson/11c42dee-73a3-4c2b-ab42-a0440011d9e0/worktrees/thinking-caps-openbsw/OpenBSW/contrib/libs/bsw/transportRouter/src/transport/routing/TransportRouter.cpp","/media/jefferson/11c42dee-73a3-4c2b-ab42-a0440011d9e0/worktrees/thinking-caps-openbsw/OpenBSW/contrib/libs/bsw/transportRouter/src/transport/routing/TransportRouter.cpp","transport::TransportRouter::routeFunctional","transport::TransportRouter::routeFunctional( uint8_t const testerBusId , TransportMessage & message , ITransportMessageProcessedListener * const listener)",454,503
55,9,245,3,55,"transport::TransportRouter::routeNodeResponse@505-559@/media/jefferson/11c42dee-73a3-4c2b-ab42-a0440011d9e0/worktrees/thinking-caps-openbsw/OpenBSW/contrib/libs/bsw/transportRouter/src/transport/routing/TransportRouter.cpp","/media/jefferson/11c42dee-73a3-4c2b-ab42-a0440011d9e0/worktrees/thinking-caps-openbsw/OpenBSW/contrib/libs/bsw/transportRouter/src/transport/routing/TransportRouter.cpp","transport::TransportRouter::routeNodeResponse","transport::TransportRouter::routeNodeResponse( size_t const index , TransportMessage & message , ITransportMessageProcessedListener * const listener)",505,559
11,2,61,2,11,"transport::TransportRouter::RouteContext::transportMessageProcessed@561-571@/media/jefferson/11c42dee-73a3-4c2b-ab42-a0440011d9e0/worktrees/thinking-caps-openbsw/OpenBSW/contrib/libs/bsw/transportRouter/src/transport/routing/TransportRouter.cpp","/media/jefferson/11c42dee-73a3-4c2b-ab42-a0440011d9e0/worktrees/thinking-caps-openbsw/OpenBSW/contrib/libs/bsw/transportRouter/src/transport/routing/TransportRouter.cpp","transport::TransportRouter::RouteContext::transportMessageProcessed","transport::TransportRouter::RouteContext::transportMessageProcessed( TransportMessage & transportMessage , ProcessingResult const result)",561,571
25,4,116,2,25,"transport::TransportRouter::routeProcessed@573-597@/media/jefferson/11c42dee-73a3-4c2b-ab42-a0440011d9e0/worktrees/thinking-caps-openbsw/OpenBSW/contrib/libs/bsw/transportRouter/src/transport/routing/TransportRouter.cpp","/media/jefferson/11c42dee-73a3-4c2b-ab42-a0440011d9e0/worktrees/thinking-caps-openbsw/OpenBSW/contrib/libs/bsw/transportRouter/src/transport/routing/TransportRouter.cpp","transport::TransportRouter::routeProcessed","transport::TransportRouter::routeProcessed( RouteContext & route , bool const success)",573,597
5,1,22,2,5,"transport::TransportRouter::FunctionalCopyListener::transportMessageProcessed@599-603@/media/jefferson/11c42dee-73a3-4c2b-ab42-a0440011d9e0/worktrees/thinking-caps-openbsw/OpenBSW/contrib/libs/bsw/transportRouter/src/transport/routing/TransportRouter.cpp","/media/jefferson/11c42dee-73a3-4c2b-ab42-a0440011d9e0/worktrees/thinking-caps-openbsw/OpenBSW/contrib/libs/bsw/transportRouter/src/transport/routing/TransportRouter.cpp","transport::TransportRouter::FunctionalCopyListener::transportMessageProcessed","transport::TransportRouter::FunctionalCopyListener::transportMessageProcessed( TransportMessage & transportMessage , ProcessingResult const)",599,603
33,9,197,0,33,"transport::TransportRouter::cyclic@605-637@/media/jefferson/11c42dee-73a3-4c2b-ab42-a0440011d9e0/worktrees/thinking-caps-openbsw/OpenBSW/contrib/libs/bsw/transportRouter/src/transport/routing/TransportRouter.cpp","/media/jefferson/11c42dee-73a3-4c2b-ab42-a0440011d9e0/worktrees/thinking-caps-openbsw/OpenBSW/contrib/libs/bsw/transportRouter/src/transport/routing/TransportRouter.cpp","transport::TransportRouter::cyclic","transport::TransportRouter::cyclic()",605,637
17,7,106,1,17,"transport::TransportRouter::releaseTester@639-655@/media/jefferson/11c42dee-73a3-4c2b-ab42-a0440011d9e0/worktrees/thinking-caps-openbsw/OpenBSW/contrib/libs/bsw/transportRouter/src/transport/routing/TransportRouter.cpp","/media/jefferson/11c42dee-73a3-4c2b-ab42-a0440011d9e0/worktrees/thinking-caps-openbsw/OpenBSW/contrib/libs/bsw/transportRouter/src/transport/routing/TransportRouter.cpp","transport::TransportRouter::releaseTester","transport::TransportRouter::releaseTester( uint16_t const testerAddress)",639,655
16,4,72,3,16,"transport::TransportRouter::forward@657-672@/media/jefferson/11c42dee-73a3-4c2b-ab42-a0440011d9e0/worktrees/thinking-caps-openbsw/OpenBSW/contrib/libs/bsw/transportRouter/src/transport/routing/TransportRouter.cpp","/media/jefferson/11c42dee-73a3-4c2b-ab42-a0440011d9e0/worktrees/thinking-caps-openbsw/OpenBSW/contrib/libs/bsw/transportRouter/src/transport/routing/TransportRouter.cpp","transport::TransportRouter::forward","transport::TransportRouter::forward( uint8_t const busId , TransportMessage & message , ITransportMessageProcessedListener * const listener)",657,672
15,3,47,2,15,"transport::TransportRouter::notify@674-688@/media/jefferson/11c42dee-73a3-4c2b-ab42-a0440011d9e0/worktrees/thinking-caps-openbsw/OpenBSW/contrib/libs/bsw/transportRouter/src/transport/routing/TransportRouter.cpp","/media/jefferson/11c42dee-73a3-4c2b-ab42-a0440011d9e0/worktrees/thinking-caps-openbsw/OpenBSW/contrib/libs/bsw/transportRouter/src/transport/routing/TransportRouter.cpp","transport::TransportRouter::notify","transport::TransportRouter::notify( size_t const index , bool const responded)",674,688
5,3,48,1,5,"transport::TransportRouter::isResponsePending@690-694@/media/jefferson/11c42dee-73a3-4c2b-ab42-a0440011d9e0/worktrees/thinking-caps-openbsw/OpenBSW/contrib/libs/bsw/transportRouter/src/transport/routing/TransportRouter.cpp","/media/jefferson/11c42dee-73a3-4c2b-ab42-a0440011d9e0/worktrees/thinking-caps-openbsw/OpenBSW/contrib/libs/bsw/transportRouter/src/transport/routing/TransportRouter.cpp","transport::TransportRouter::isResponsePending","transport::TransportRouter::isResponsePending( TransportMessage const & message)",690,694
13,1,64,4,13,"doip::DoIpClientTransportLayer::DoIpClientTransportLayer@21-33@/media/jefferson/11c42dee-73a3-4c2b-ab42-a0440011d9e0/worktrees/thinking-caps-openbsw/OpenBSW/contrib/libs/bsw/doipClient/src/doip/client/DoIpClientTransportLayer.cpp","/media/jefferson/11c42dee-73a3-4c2b-ab42-a0440011d9e0/worktrees/thinking-caps-openbsw/OpenBSW/contrib/libs/bsw/doipClient/src/doip/client/DoIpClientTransportLayer.cpp","doip::DoIpClientTransportLayer::DoIpClientTransportLayer","doip::DoIpClientTransportLayer::DoIpClientTransportLayer( uint8_t const busId , DoIpClientParameters const & parameters , :: etl :: ivector<DoIpClientConnection> & connections , NowMsType const nowMs)",21,33
1,1,12,0,1,"doip::DoIpClientTransportLayer::init@35-35@/media/jefferson/11c42dee-73a3-4c2b-ab42-a0440011d9e0/worktrees/thinking-caps-openbsw/OpenBSW/contrib/libs/bsw/doipClient/src/doip/client/DoIpClientTransportLayer.cpp","/media/jefferson/11c42dee-73a3-4c2b-ab42-a0440011d9e0/worktrees/thinking-caps-openbsw/OpenBSW/contrib/libs/bsw/doipClient/src/doip/client/DoIpClientTransportLayer.cpp","doip::DoIpClientTransportLayer::init","doip::DoIpClientTransportLayer::init()",35,35
8,2,27,1,8,"doip::DoIpClientTransportLayer::shutdown@37-44@/media/jefferson/11c42dee-73a3-4c2b-ab42-a0440011d9e0/worktrees/thinking-caps-openbsw/OpenBSW/contrib/libs/bsw/doipClient/src/doip/client/DoIpClientTransportLayer.cpp","/media/jefferson/11c42dee-73a3-4c2b-ab42-a0440011d9e0/worktrees/thinking-caps-openbsw/OpenBSW/contrib/libs/bsw/doipClient/src/doip/client/DoIpClientTransportLayer.cpp","doip::DoIpClientTransportLayer::shutdown","doip::DoIpClientTransportLayer::shutdown( ShutdownDelegate)",37,44
49,9,197,2,52,"doip::DoIpClientTransportLayer::send@46-97@/media/jefferson/11c42dee-73a3-4c2b-ab42-a0440011d9e0/worktrees/thinking-caps-openbsw/OpenBSW/contrib/libs/bsw/doipClient/src/doip/client/DoIpClientTransportLayer.cpp","/media/jefferson/11c42dee-73a3-4c2b-ab42-a0440011d9e0/worktrees/thinking-caps-openbsw/OpenBSW/contrib/libs/bsw/doipClient/src/doip/client/DoIpClientTransportLayer.cpp","doip::DoIpClientTransportLayer::send","doip::DoIpClientTransportLayer::send( TransportMessage & transportMessage , ITransportMessageProcessedListener * const pNotificationListener)",46,97
8,2,32,0,8,"doip::DoIpClientTransportLayer::cyclic@99-106@/media/jefferson/11c42dee-73a3-4c2b-ab42-a0440011d9e0/worktrees/thinking-caps-openbsw/OpenBSW/contrib/libs/bsw/doipClient/src/doip/client/DoIpClientTransportLayer.cpp","/media/jefferson/11c42dee-73a3-4c2b-ab42-a0440011d9e0/worktrees/thinking-caps-openbsw/OpenBSW/contrib/libs/bsw/doipClient/src/doip/client/DoIpClientTransportLayer.cpp","doip::DoIpClientTransportLayer::cyclic","doip::DoIpClientTransportLayer::cyclic()",99,106
11,3,41,1,11,"doip::DoIpClientTransportLayer::findConnection@108-118@/media/jefferson/11c42dee-73a3-4c2b-ab42-a0440011d9e0/worktrees/thinking-caps-openbsw/OpenBSW/contrib/libs/bsw/doipClient/src/doip/client/DoIpClientTransportLayer.cpp","/media/jefferson/11c42dee-73a3-4c2b-ab42-a0440011d9e0/worktrees/thinking-caps-openbsw/OpenBSW/contrib/libs/bsw/doipClient/src/doip/client/DoIpClientTransportLayer.cpp","doip::DoIpClientTransportLayer::findConnection","doip::DoIpClientTransportLayer::findConnection( uint16_t const logicalAddress)",108,118
20,5,80,0,20,"doip::DoIpClientTransportLayer::functionalCopyReleased@120-139@/media/jefferson/11c42dee-73a3-4c2b-ab42-a0440011d9e0/worktrees/thinking-caps-openbsw/OpenBSW/contrib/libs/bsw/doipClient/src/doip/client/DoIpClientTransportLayer.cpp","/media/jefferson/11c42dee-73a3-4c2b-ab42-a0440011d9e0/worktrees/thinking-caps-openbsw/OpenBSW/contrib/libs/bsw/doipClient/src/doip/client/DoIpClientTransportLayer.cpp","doip::DoIpClientTransportLayer::functionalCopyReleased","doip::DoIpClientTransportLayer::functionalCopyReleased()",120,139
5,1,55,2,5,"doip::read16@32-36@/media/jefferson/11c42dee-73a3-4c2b-ab42-a0440011d9e0/worktrees/thinking-caps-openbsw/OpenBSW/contrib/libs/bsw/doipClient/src/doip/client/DoIpClientConnection.cpp","/media/jefferson/11c42dee-73a3-4c2b-ab42-a0440011d9e0/worktrees/thinking-caps-openbsw/OpenBSW/contrib/libs/bsw/doipClient/src/doip/client/DoIpClientConnection.cpp","doip::read16","doip::read16( :: etl :: span<uint8_t const> const data , size_t const offset)",32,36
5,1,55,3,5,"doip::write16@38-42@/media/jefferson/11c42dee-73a3-4c2b-ab42-a0440011d9e0/worktrees/thinking-caps-openbsw/OpenBSW/contrib/libs/bsw/doipClient/src/doip/client/DoIpClientConnection.cpp","/media/jefferson/11c42dee-73a3-4c2b-ab42-a0440011d9e0/worktrees/thinking-caps-openbsw/OpenBSW/contrib/libs/bsw/doipClient/src/doip/client/DoIpClientConnection.cpp","doip::write16","doip::write16( :: etl :: span<uint8_t> const data , size_t const offset , uint16_t const value)",38,42
4,1,25,2,4,"doip::expired@44-47@/media/jefferson/11c42dee-73a3-4c2b-ab42-a0440011d9e0/worktrees/thinking-caps-openbsw/OpenBSW/contrib/libs/bsw/doipClient/src/doip/client/DoIpClientConnection.cpp","/media/jefferson/11c42dee-73a3-4c2b-ab42-a0440011d9e0/worktrees/thinking-caps-openbsw/OpenBSW/contrib/libs/bsw/doipClient/src/doip/client/DoIpClientConnection.cpp","doip::expired","doip::expired( uint32_t const now , uint32_t const deadline)",44,47
1,2,24,1,1,"doip::nameOf@49-49@/media/jefferson/11c42dee-73a3-4c2b-ab42-a0440011d9e0/worktrees/thinking-caps-openbsw/OpenBSW/contrib/libs/bsw/doipClient/src/doip/client/DoIpClientConnection.cpp","/media/jefferson/11c42dee-73a3-4c2b-ab42-a0440011d9e0/worktrees/thinking-caps-openbsw/OpenBSW/contrib/libs/bsw/doipClient/src/doip/client/DoIpClientConnection.cpp","doip::nameOf","doip::nameOf( DoIpClientNode const & node)",49,49
51,2,318,4,52,"doip::DoIpClientConnection::DoIpClientConnection@52-103@/media/jefferson/11c42dee-73a3-4c2b-ab42-a0440011d9e0/worktrees/thinking-caps-openbsw/OpenBSW/contrib/libs/bsw/doipClient/src/doip/client/DoIpClientConnection.cpp","/media/jefferson/11c42dee-73a3-4c2b-ab42-a0440011d9e0/worktrees/thinking-caps-openbsw/OpenBSW/contrib/libs/bsw/doipClient/src/doip/client/DoIpClientConnection.cpp","doip::DoIpClientConnection::DoIpClientConnection","doip::DoIpClientConnection::DoIpClientConnection( DoIpClientTransportLayer & layer , DoIpClientNode const & node , :: tcp :: AbstractSocket & socket , :: async :: ContextType const context)",52,103
41,5,121,3,43,"doip::DoIpClientConnection::request@105-147@/media/jefferson/11c42dee-73a3-4c2b-ab42-a0440011d9e0/worktrees/thinking-caps-openbsw/OpenBSW/contrib/libs/bsw/doipClient/src/doip/client/DoIpClientConnection.cpp","/media/jefferson/11c42dee-73a3-4c2b-ab42-a0440011d9e0/worktrees/thinking-caps-openbsw/OpenBSW/contrib/libs/bsw/doipClient/src/doip/client/DoIpClientConnection.cpp","doip::DoIpClientConnection::request","doip::DoIpClientConnection::request( TransportMessage & message , ITransportMessageProcessedListener * const listener , uint32_t const deadline)",105,147
23,6,109,1,23,"doip::DoIpClientConnection::functional@149-171@/media/jefferson/11c42dee-73a3-4c2b-ab42-a0440011d9e0/worktrees/thinking-caps-openbsw/OpenBSW/contrib/libs/bsw/doipClient/src/doip/client/DoIpClientConnection.cpp","/media/jefferson/11c42dee-73a3-4c2b-ab42-a0440011d9e0/worktrees/thinking-caps-openbsw/OpenBSW/contrib/libs/bsw/doipClient/src/doip/client/DoIpClientConnection.cpp","doip::DoIpClientConnection::functional","doip::DoIpClientConnection::functional( TransportMessage & message)",149,171
9,4,42,1,9,"doip::DoIpClientConnection::cyclic@173-181@/media/jefferson/11c42dee-73a3-4c2b-ab42-a0440011d9e0/worktrees/thinking-caps-openbsw/OpenBSW/contrib/libs/bsw/doipClient/src/doip/client/DoIpClientConnection.cpp","/media/jefferson/11c42dee-73a3-4c2b-ab42-a0440011d9e0/worktrees/thinking-caps-openbsw/OpenBSW/contrib/libs/bsw/doipClient/src/doip/client/DoIpClientConnection.cpp","doip::DoIpClientConnection::cyclic","doip::DoIpClientConnection::cyclic( uint32_t const now)",173,181
21,4,74,0,23,"doip::DoIpClientConnection::close@183-205@/media/jefferson/11c42dee-73a3-4c2b-ab42-a0440011d9e0/worktrees/thinking-caps-openbsw/OpenBSW/contrib/libs/bsw/doipClient/src/doip/client/DoIpClientConnection.cpp","/media/jefferson/11c42dee-73a3-4c2b-ab42-a0440011d9e0/worktrees/thinking-caps-openbsw/OpenBSW/contrib/libs/bsw/doipClient/src/doip/client/DoIpClientConnection.cpp","doip::DoIpClientConnection::close","doip::DoIpClientConnection::close()",183,205
20,3,123,0,20,"doip::DoIpClientConnection::connect@207-226@/media/jefferson/11c42dee-73a3-4c2b-ab42-a0440011d9e0/worktrees/thinking-caps-openbsw/OpenBSW/contrib/libs/bsw/doipClient/src/doip/client/DoIpClientConnection.cpp","/media/jefferson/11c42dee-73a3-4c2b-ab42-a0440011d9e0/worktrees/thinking-caps-openbsw/OpenBSW/contrib/libs/bsw/doipClient/src/doip/client/DoIpClientConnection.cpp","doip::DoIpClientConnection::connect","doip::DoIpClientConnection::connect()",207,226
19,4,83,1,21,"doip::DoIpClientConnection::connected@228-248@/media/jefferson/11c42dee-73a3-4c2b-ab42-a0440011d9e0/worktrees/thinking-caps-openbsw/OpenBSW/contrib/libs/bsw/doipClient/src/doip/client/DoIpClientConnection.cpp","/media/jefferson/11c42dee-73a3-4c2b-ab42-a0440011d9e0/worktrees/thinking-caps-openbsw/OpenBSW/contrib/libs/bsw/doipClient/src/doip/client/DoIpClientConnection.cpp","doip::DoIpClientConnection::connected","doip::DoIpClientConnection::connected( :: tcp :: AbstractSocket :: ErrorCode const result)",228,248
9,3,34,0,9,"doip::DoIpClientConnection::sendActivation@250-258@/media/jefferson/11c42dee-73a3-4c2b-ab42-a0440011d9e0/worktrees/thinking-caps-openbsw/OpenBSW/contrib/libs/bsw/doipClient/src/doip/client/DoIpClientConnection.cpp","/media/jefferson/11c42dee-73a3-4c2b-ab42-a0440011d9e0/worktrees/thinking-caps-openbsw/OpenBSW/contrib/libs/bsw/doipClient/src/doip/client/DoIpClientConnection.cpp","doip::DoIpClientConnection::sendActivation","doip::DoIpClientConnection::sendActivation()",250,258
23,3,96,0,23,"doip::DoIpClientConnection::sendRequest@260-282@/media/jefferson/11c42dee-73a3-4c2b-ab42-a0440011d9e0/worktrees/thinking-caps-openbsw/OpenBSW/contrib/libs/bsw/doipClient/src/doip/client/DoIpClientConnection.cpp","/media/jefferson/11c42dee-73a3-4c2b-ab42-a0440011d9e0/worktrees/thinking-caps-openbsw/OpenBSW/contrib/libs/bsw/doipClient/src/doip/client/DoIpClientConnection.cpp","doip::DoIpClientConnection::sendRequest","doip::DoIpClientConnection::sendRequest()",260,282
7,3,20,0,8,"doip::DoIpClientConnection::tryFinishRequest@284-291@/media/jefferson/11c42dee-73a3-4c2b-ab42-a0440011d9e0/worktrees/thinking-caps-openbsw/OpenBSW/contrib/libs/bsw/doipClient/src/doip/client/DoIpClientConnection.cpp","/media/jefferson/11c42dee-73a3-4c2b-ab42-a0440011d9e0/worktrees/thinking-caps-openbsw/OpenBSW/contrib/libs/bsw/doipClient/src/doip/client/DoIpClientConnection.cpp","doip::DoIpClientConnection::tryFinishRequest","doip::DoIpClientConnection::tryFinishRequest()",284,291
15,4,74,1,15,"doip::DoIpClientConnection::finishRequest@293-307@/media/jefferson/11c42dee-73a3-4c2b-ab42-a0440011d9e0/worktrees/thinking-caps-openbsw/OpenBSW/contrib/libs/bsw/doipClient/src/doip/client/DoIpClientConnection.cpp","/media/jefferson/11c42dee-73a3-4c2b-ab42-a0440011d9e0/worktrees/thinking-caps-openbsw/OpenBSW/contrib/libs/bsw/doipClient/src/doip/client/DoIpClientConnection.cpp","doip::DoIpClientConnection::finishRequest","doip::DoIpClientConnection::finishRequest( bool const success)",293,307
5,1,36,1,5,"doip::DoIpClientConnection::closeAndFail@309-313@/media/jefferson/11c42dee-73a3-4c2b-ab42-a0440011d9e0/worktrees/thinking-caps-openbsw/OpenBSW/contrib/libs/bsw/doipClient/src/doip/client/DoIpClientConnection.cpp","/media/jefferson/11c42dee-73a3-4c2b-ab42-a0440011d9e0/worktrees/thinking-caps-openbsw/OpenBSW/contrib/libs/bsw/doipClient/src/doip/client/DoIpClientConnection.cpp","doip::DoIpClientConnection::closeAndFail","doip::DoIpClientConnection::closeAndFail( char const * const reason)",309,313
7,4,43,0,7,"doip::DoIpClientConnection::sendAliveCheckResponse@315-321@/media/jefferson/11c42dee-73a3-4c2b-ab42-a0440011d9e0/worktrees/thinking-caps-openbsw/OpenBSW/contrib/libs/bsw/doipClient/src/doip/client/DoIpClientConnection.cpp","/media/jefferson/11c42dee-73a3-4c2b-ab42-a0440011d9e0/worktrees/thinking-caps-openbsw/OpenBSW/contrib/libs/bsw/doipClient/src/doip/client/DoIpClientConnection.cpp","doip::DoIpClientConnection::sendAliveCheckResponse","doip::DoIpClientConnection::sendAliveCheckResponse()",315,321
4,1,16,1,4,"doip::DoIpClientConnection::activationJobReleased@323-326@/media/jefferson/11c42dee-73a3-4c2b-ab42-a0440011d9e0/worktrees/thinking-caps-openbsw/OpenBSW/contrib/libs/bsw/doipClient/src/doip/client/DoIpClientConnection.cpp","/media/jefferson/11c42dee-73a3-4c2b-ab42-a0440011d9e0/worktrees/thinking-caps-openbsw/OpenBSW/contrib/libs/bsw/doipClient/src/doip/client/DoIpClientConnection.cpp","doip::DoIpClientConnection::activationJobReleased","doip::DoIpClientConnection::activationJobReleased( StaticJob & , bool const)",323,326
4,1,16,1,4,"doip::DoIpClientConnection::aliveJobReleased@328-331@/media/jefferson/11c42dee-73a3-4c2b-ab42-a0440011d9e0/worktrees/thinking-caps-openbsw/OpenBSW/contrib/libs/bsw/doipClient/src/doip/client/DoIpClientConnection.cpp","/media/jefferson/11c42dee-73a3-4c2b-ab42-a0440011d9e0/worktrees/thinking-caps-openbsw/OpenBSW/contrib/libs/bsw/doipClient/src/doip/client/DoIpClientConnection.cpp","doip::DoIpClientConnection::aliveJobReleased","doip::DoIpClientConnection::aliveJobReleased( StaticJob & , bool const)",328,331
23,5,95,1,23,"doip::DoIpClientConnection::connectionClosed@333-355@/media/jefferson/11c42dee-73a3-4c2b-ab42-a0440011d9e0/worktrees/thinking-caps-openbsw/OpenBSW/contrib/libs/bsw/doipClient/src/doip/client/DoIpClientConnection.cpp","/media/jefferson/11c42dee-73a3-4c2b-ab42-a0440011d9e0/worktrees/thinking-caps-openbsw/OpenBSW/contrib/libs/bsw/doipClient/src/doip/client/DoIpClientConnection.cpp","doip::DoIpClientConnection::connectionClosed","doip::DoIpClientConnection::connectionClosed( bool const closedByRemotePeer)",333,355
85,12,410,1,85,"doip::DoIpClientConnection::headerReceived@358-442@/media/jefferson/11c42dee-73a3-4c2b-ab42-a0440011d9e0/worktrees/thinking-caps-openbsw/OpenBSW/contrib/libs/bsw/doipClient/src/doip/client/DoIpClientConnection.cpp","/media/jefferson/11c42dee-73a3-4c2b-ab42-a0440011d9e0/worktrees/thinking-caps-openbsw/OpenBSW/contrib/libs/bsw/doipClient/src/doip/client/DoIpClientConnection.cpp","doip::DoIpClientConnection::headerReceived","doip::DoIpClientConnection::headerReceived( DoIpHeader const & header)",358,442
34,6,166,1,34,"doip::DoIpClientConnection::activationResponseReceived@444-477@/media/jefferson/11c42dee-73a3-4c2b-ab42-a0440011d9e0/worktrees/thinking-caps-openbsw/OpenBSW/contrib/libs/bsw/doipClient/src/doip/client/DoIpClientConnection.cpp","/media/jefferson/11c42dee-73a3-4c2b-ab42-a0440011d9e0/worktrees/thinking-caps-openbsw/OpenBSW/contrib/libs/bsw/doipClient/src/doip/client/DoIpClientConnection.cpp","doip::DoIpClientConnection::activationResponseReceived","doip::DoIpClientConnection::activationResponseReceived( :: etl :: span<uint8_t const> const payload)",444,477
26,5,124,1,26,"doip::DoIpClientConnection::ackReceived@479-504@/media/jefferson/11c42dee-73a3-4c2b-ab42-a0440011d9e0/worktrees/thinking-caps-openbsw/OpenBSW/contrib/libs/bsw/doipClient/src/doip/client/DoIpClientConnection.cpp","/media/jefferson/11c42dee-73a3-4c2b-ab42-a0440011d9e0/worktrees/thinking-caps-openbsw/OpenBSW/contrib/libs/bsw/doipClient/src/doip/client/DoIpClientConnection.cpp","doip::DoIpClientConnection::ackReceived","doip::DoIpClientConnection::ackReceived( :: etl :: span<uint8_t const> const payload)",479,504
25,4,187,1,26,"doip::DoIpClientConnection::addressInfoReceived@506-531@/media/jefferson/11c42dee-73a3-4c2b-ab42-a0440011d9e0/worktrees/thinking-caps-openbsw/OpenBSW/contrib/libs/bsw/doipClient/src/doip/client/DoIpClientConnection.cpp","/media/jefferson/11c42dee-73a3-4c2b-ab42-a0440011d9e0/worktrees/thinking-caps-openbsw/OpenBSW/contrib/libs/bsw/doipClient/src/doip/client/DoIpClientConnection.cpp","doip::DoIpClientConnection::addressInfoReceived","doip::DoIpClientConnection::addressInfoReceived( :: etl :: span<uint8_t const> const payload)",506,531
16,3,97,1,16,"doip::DoIpClientConnection::diagnosticPayloadReceived@533-548@/media/jefferson/11c42dee-73a3-4c2b-ab42-a0440011d9e0/worktrees/thinking-caps-openbsw/OpenBSW/contrib/libs/bsw/doipClient/src/doip/client/DoIpClientConnection.cpp","/media/jefferson/11c42dee-73a3-4c2b-ab42-a0440011d9e0/worktrees/thinking-caps-openbsw/OpenBSW/contrib/libs/bsw/doipClient/src/doip/client/DoIpClientConnection.cpp","doip::DoIpClientConnection::diagnosticPayloadReceived","doip::DoIpClientConnection::diagnosticPayloadReceived( :: etl :: span<uint8_t const> const)",533,548
25,7,102,2,26,"doip::DoIpClientConnection::releaseSendJob@550-575@/media/jefferson/11c42dee-73a3-4c2b-ab42-a0440011d9e0/worktrees/thinking-caps-openbsw/OpenBSW/contrib/libs/bsw/doipClient/src/doip/client/DoIpClientConnection.cpp","/media/jefferson/11c42dee-73a3-4c2b-ab42-a0440011d9e0/worktrees/thinking-caps-openbsw/OpenBSW/contrib/libs/bsw/doipClient/src/doip/client/DoIpClientConnection.cpp","doip::DoIpClientConnection::releaseSendJob","doip::DoIpClientConnection::releaseSendJob( DoIpTransportMessageSendJob & sendJob , bool const success)",550,575
5,1,22,2,5,"doip::DoIpClientConnection::transportMessageProcessed@577-581@/media/jefferson/11c42dee-73a3-4c2b-ab42-a0440011d9e0/worktrees/thinking-caps-openbsw/OpenBSW/contrib/libs/bsw/doipClient/src/doip/client/DoIpClientConnection.cpp","/media/jefferson/11c42dee-73a3-4c2b-ab42-a0440011d9e0/worktrees/thinking-caps-openbsw/OpenBSW/contrib/libs/bsw/doipClient/src/doip/client/DoIpClientConnection.cpp","doip::DoIpClientConnection::transportMessageProcessed","doip::DoIpClientConnection::transportMessageProcessed( TransportMessage & transportMessage , ProcessingResult const)",577,581
4,1,14,0,4,"doip::DoIpClientConnection::discard@583-586@/media/jefferson/11c42dee-73a3-4c2b-ab42-a0440011d9e0/worktrees/thinking-caps-openbsw/OpenBSW/contrib/libs/bsw/doipClient/src/doip/client/DoIpClientConnection.cpp","/media/jefferson/11c42dee-73a3-4c2b-ab42-a0440011d9e0/worktrees/thinking-caps-openbsw/OpenBSW/contrib/libs/bsw/doipClient/src/doip/client/DoIpClientConnection.cpp","doip::DoIpClientConnection::discard","doip::DoIpClientConnection::discard()",583,586
5,1,21,0,7,"doip::DoIpClientConnection::skipPayload@588-594@/media/jefferson/11c42dee-73a3-4c2b-ab42-a0440011d9e0/worktrees/thinking-caps-openbsw/OpenBSW/contrib/libs/bsw/doipClient/src/doip/client/DoIpClientConnection.cpp","/media/jefferson/11c42dee-73a3-4c2b-ab42-a0440011d9e0/worktrees/thinking-caps-openbsw/OpenBSW/contrib/libs/bsw/doipClient/src/doip/client/DoIpClientConnection.cpp","doip::DoIpClientConnection::skipPayload","doip::DoIpClientConnection::skipPayload()",588,594
5,1,45,1,5,"gateway::identity::asBytes@21-25@/media/jefferson/11c42dee-73a3-4c2b-ab42-a0440011d9e0/worktrees/thinking-caps-openbsw/OpenBSW/gateway/lib/src/gateway/GatewayIdentity.cpp","/media/jefferson/11c42dee-73a3-4c2b-ab42-a0440011d9e0/worktrees/thinking-caps-openbsw/OpenBSW/gateway/lib/src/gateway/GatewayIdentity.cpp","gateway::identity::asBytes","gateway::identity::asBytes( char const * const text)",21,25
1,1,13,0,1,"gateway::identity::vin@32-32@/media/jefferson/11c42dee-73a3-4c2b-ab42-a0440011d9e0/worktrees/thinking-caps-openbsw/OpenBSW/gateway/lib/src/gateway/GatewayIdentity.cpp","/media/jefferson/11c42dee-73a3-4c2b-ab42-a0440011d9e0/worktrees/thinking-caps-openbsw/OpenBSW/gateway/lib/src/gateway/GatewayIdentity.cpp","gateway::identity::vin","gateway::identity::vin()",32,32
1,1,13,0,1,"gateway::identity::ecuSerial@34-34@/media/jefferson/11c42dee-73a3-4c2b-ab42-a0440011d9e0/worktrees/thinking-caps-openbsw/OpenBSW/gateway/lib/src/gateway/GatewayIdentity.cpp","/media/jefferson/11c42dee-73a3-4c2b-ab42-a0440011d9e0/worktrees/thinking-caps-openbsw/OpenBSW/gateway/lib/src/gateway/GatewayIdentity.cpp","gateway::identity::ecuSerial","gateway::identity::ecuSerial()",34,34
10,2,68,0,10,"gateway::identity::softwareVersion@36-45@/media/jefferson/11c42dee-73a3-4c2b-ab42-a0440011d9e0/worktrees/thinking-caps-openbsw/OpenBSW/gateway/lib/src/gateway/GatewayIdentity.cpp","/media/jefferson/11c42dee-73a3-4c2b-ab42-a0440011d9e0/worktrees/thinking-caps-openbsw/OpenBSW/gateway/lib/src/gateway/GatewayIdentity.cpp","gateway::identity::softwareVersion","gateway::identity::softwareVersion()",36,45
2,1,25,2,2,"gateway::NodeMonitor::NodeMonitor@11-12@/media/jefferson/11c42dee-73a3-4c2b-ab42-a0440011d9e0/worktrees/thinking-caps-openbsw/OpenBSW/gateway/lib/src/gateway/NodeMonitor.cpp","/media/jefferson/11c42dee-73a3-4c2b-ab42-a0440011d9e0/worktrees/thinking-caps-openbsw/OpenBSW/gateway/lib/src/gateway/NodeMonitor.cpp","gateway::NodeMonitor::NodeMonitor","gateway::NodeMonitor::NodeMonitor( RoutingTable const & table , IDtcSink & sink)",11,12
8,2,38,0,8,"gateway::NodeMonitor::init@14-21@/media/jefferson/11c42dee-73a3-4c2b-ab42-a0440011d9e0/worktrees/thinking-caps-openbsw/OpenBSW/gateway/lib/src/gateway/NodeMonitor.cpp","/media/jefferson/11c42dee-73a3-4c2b-ab42-a0440011d9e0/worktrees/thinking-caps-openbsw/OpenBSW/gateway/lib/src/gateway/NodeMonitor.cpp","gateway::NodeMonitor::init","gateway::NodeMonitor::init()",14,21
9,2,45,1,9,"gateway::NodeMonitor::routeResponded@23-31@/media/jefferson/11c42dee-73a3-4c2b-ab42-a0440011d9e0/worktrees/thinking-caps-openbsw/OpenBSW/gateway/lib/src/gateway/NodeMonitor.cpp","/media/jefferson/11c42dee-73a3-4c2b-ab42-a0440011d9e0/worktrees/thinking-caps-openbsw/OpenBSW/gateway/lib/src/gateway/NodeMonitor.cpp","gateway::NodeMonitor::routeResponded","gateway::NodeMonitor::routeResponded( size_t const routeIndex)",23,31
24,4,96,1,24,"gateway::NodeMonitor::routeTimedOut@33-56@/media/jefferson/11c42dee-73a3-4c2b-ab42-a0440011d9e0/worktrees/thinking-caps-openbsw/OpenBSW/gateway/lib/src/gateway/NodeMonitor.cpp","/media/jefferson/11c42dee-73a3-4c2b-ab42-a0440011d9e0/worktrees/thinking-caps-openbsw/OpenBSW/gateway/lib/src/gateway/NodeMonitor.cpp","gateway::NodeMonitor::routeTimedOut","gateway::NodeMonitor::routeTimedOut( size_t const routeIndex)",33,56
4,2,31,1,4,"gateway::NodeMonitor::isNotResponding@58-61@/media/jefferson/11c42dee-73a3-4c2b-ab42-a0440011d9e0/worktrees/thinking-caps-openbsw/OpenBSW/gateway/lib/src/gateway/NodeMonitor.cpp","/media/jefferson/11c42dee-73a3-4c2b-ab42-a0440011d9e0/worktrees/thinking-caps-openbsw/OpenBSW/gateway/lib/src/gateway/NodeMonitor.cpp","gateway::NodeMonitor::isNotResponding","gateway::NodeMonitor::isNotResponding( size_t const routeIndex) const",58,61
1,2,21,1,1,"gateway::inDiagRange@12-12@/media/jefferson/11c42dee-73a3-4c2b-ab42-a0440011d9e0/worktrees/thinking-caps-openbsw/OpenBSW/gateway/lib/src/gateway/RoutingTable.cpp","/media/jefferson/11c42dee-73a3-4c2b-ab42-a0440011d9e0/worktrees/thinking-caps-openbsw/OpenBSW/gateway/lib/src/gateway/RoutingTable.cpp","gateway::inDiagRange","gateway::inDiagRange( uint32_t const canId)",12,12
5,4,46,1,5,"gateway::isNodeAddress@15-19@/media/jefferson/11c42dee-73a3-4c2b-ab42-a0440011d9e0/worktrees/thinking-caps-openbsw/OpenBSW/gateway/lib/src/gateway/RoutingTable.cpp","/media/jefferson/11c42dee-73a3-4c2b-ab42-a0440011d9e0/worktrees/thinking-caps-openbsw/OpenBSW/gateway/lib/src/gateway/RoutingTable.cpp","gateway::isNodeAddress","gateway::isNodeAddress( uint32_t const ip)",15,19
6,6,77,2,6,"gateway::canIdsOverlap@21-26@/media/jefferson/11c42dee-73a3-4c2b-ab42-a0440011d9e0/worktrees/thinking-caps-openbsw/OpenBSW/gateway/lib/src/gateway/RoutingTable.cpp","/media/jefferson/11c42dee-73a3-4c2b-ab42-a0440011d9e0/worktrees/thinking-caps-openbsw/OpenBSW/gateway/lib/src/gateway/RoutingTable.cpp","gateway::canIdsOverlap","gateway::canIdsOverlap( Route const & a , Route const & b)",21,26
3,1,32,2,3,"gateway::RoutingTable::RoutingTable@29-31@/media/jefferson/11c42dee-73a3-4c2b-ab42-a0440011d9e0/worktrees/thinking-caps-openbsw/OpenBSW/gateway/lib/src/gateway/RoutingTable.cpp","/media/jefferson/11c42dee-73a3-4c2b-ab42-a0440011d9e0/worktrees/thinking-caps-openbsw/OpenBSW/gateway/lib/src/gateway/RoutingTable.cpp","gateway::RoutingTable::RoutingTable","gateway::RoutingTable::RoutingTable( Addresses const & addresses , :: etl :: span<Route const> const routes)",29,31
70,24,373,1,72,"gateway::RoutingTable::validate@33-104@/media/jefferson/11c42dee-73a3-4c2b-ab42-a0440011d9e0/worktrees/thinking-caps-openbsw/OpenBSW/gateway/lib/src/gateway/RoutingTable.cpp","/media/jefferson/11c42dee-73a3-4c2b-ab42-a0440011d9e0/worktrees/thinking-caps-openbsw/OpenBSW/gateway/lib/src/gateway/RoutingTable.cpp","gateway::RoutingTable::validate","gateway::RoutingTable::validate( size_t & badIndex) const",33,104
11,3,50,1,11,"gateway::RoutingTable::indexOf@106-116@/media/jefferson/11c42dee-73a3-4c2b-ab42-a0440011d9e0/worktrees/thinking-caps-openbsw/OpenBSW/gateway/lib/src/gateway/RoutingTable.cpp","/media/jefferson/11c42dee-73a3-4c2b-ab42-a0440011d9e0/worktrees/thinking-caps-openbsw/OpenBSW/gateway/lib/src/gateway/RoutingTable.cpp","gateway::RoutingTable::indexOf","gateway::RoutingTable::indexOf( uint16_t const logicalAddress) const",106,116
5,2,35,1,5,"gateway::RoutingTable::find@118-122@/media/jefferson/11c42dee-73a3-4c2b-ab42-a0440011d9e0/worktrees/thinking-caps-openbsw/OpenBSW/gateway/lib/src/gateway/RoutingTable.cpp","/media/jefferson/11c42dee-73a3-4c2b-ab42-a0440011d9e0/worktrees/thinking-caps-openbsw/OpenBSW/gateway/lib/src/gateway/RoutingTable.cpp","gateway::RoutingTable::find","gateway::RoutingTable::find( uint16_t const logicalAddress) const",118,122
17,11,101,1,17,"gateway::RoutingTable::errorText@124-140@/media/jefferson/11c42dee-73a3-4c2b-ab42-a0440011d9e0/worktrees/thinking-caps-openbsw/OpenBSW/gateway/lib/src/gateway/RoutingTable.cpp","/media/jefferson/11c42dee-73a3-4c2b-ab42-a0440011d9e0/worktrees/thinking-caps-openbsw/OpenBSW/gateway/lib/src/gateway/RoutingTable.cpp","gateway::RoutingTable::errorText","gateway::RoutingTable::errorText( Error const error)",124,140
6,1,55,1,6,"uds::setDid@11-16@/media/jefferson/11c42dee-73a3-4c2b-ab42-a0440011d9e0/worktrees/thinking-caps-openbsw/OpenBSW/gateway/app/application/src/uds/GatewayDiagJobs.cpp","/media/jefferson/11c42dee-73a3-4c2b-ab42-a0440011d9e0/worktrees/thinking-caps-openbsw/OpenBSW/gateway/app/application/src/uds/GatewayDiagJobs.cpp","uds::setDid","uds::setDid( uint8_t(&request) [ 3 ] , uint16_t const did)",11,16
5,1,49,2,5,"uds::append16@18-22@/media/jefferson/11c42dee-73a3-4c2b-ab42-a0440011d9e0/worktrees/thinking-caps-openbsw/OpenBSW/gateway/app/application/src/uds/GatewayDiagJobs.cpp","/media/jefferson/11c42dee-73a3-4c2b-ab42-a0440011d9e0/worktrees/thinking-caps-openbsw/OpenBSW/gateway/app/application/src/uds/GatewayDiagJobs.cpp","uds::append16","uds::append16( PositiveResponse & response , uint16_t const value)",18,22
5,1,37,1,5,"uds::ReadRoutingTable::ReadRoutingTable@25-29@/media/jefferson/11c42dee-73a3-4c2b-ab42-a0440011d9e0/worktrees/thinking-caps-openbsw/OpenBSW/gateway/app/application/src/uds/GatewayDiagJobs.cpp","/media/jefferson/11c42dee-73a3-4c2b-ab42-a0440011d9e0/worktrees/thinking-caps-openbsw/OpenBSW/gateway/app/application/src/uds/GatewayDiagJobs.cpp","uds::ReadRoutingTable::ReadRoutingTable","uds::ReadRoutingTable::ReadRoutingTable( :: gateway :: RoutingTable const & table)",25,29
30,3,244,3,31,"uds::ReadRoutingTable::process@31-61@/media/jefferson/11c42dee-73a3-4c2b-ab42-a0440011d9e0/worktrees/thinking-caps-openbsw/OpenBSW/gateway/app/application/src/uds/GatewayDiagJobs.cpp","/media/jefferson/11c42dee-73a3-4c2b-ab42-a0440011d9e0/worktrees/thinking-caps-openbsw/OpenBSW/gateway/app/application/src/uds/GatewayDiagJobs.cpp","uds::ReadRoutingTable::process","uds::ReadRoutingTable::process( IncomingDiagConnection & connection , uint8_t const * const , uint16_t const)",31,61
8,1,50,2,8,"uds::ReadRoutingStatistics::ReadRoutingStatistics@63-70@/media/jefferson/11c42dee-73a3-4c2b-ab42-a0440011d9e0/worktrees/thinking-caps-openbsw/OpenBSW/gateway/app/application/src/uds/GatewayDiagJobs.cpp","/media/jefferson/11c42dee-73a3-4c2b-ab42-a0440011d9e0/worktrees/thinking-caps-openbsw/OpenBSW/gateway/app/application/src/uds/GatewayDiagJobs.cpp","uds::ReadRoutingStatistics::ReadRoutingStatistics","uds::ReadRoutingStatistics::ReadRoutingStatistics( :: gateway :: RoutingTable const & table , :: transport :: TransportRouterStatistics const & statistics)",63,70
24,4,204,3,25,"uds::ReadRoutingStatistics::process@72-96@/media/jefferson/11c42dee-73a3-4c2b-ab42-a0440011d9e0/worktrees/thinking-caps-openbsw/OpenBSW/gateway/app/application/src/uds/GatewayDiagJobs.cpp","/media/jefferson/11c42dee-73a3-4c2b-ab42-a0440011d9e0/worktrees/thinking-caps-openbsw/OpenBSW/gateway/app/application/src/uds/GatewayDiagJobs.cpp","uds::ReadRoutingStatistics::process","uds::ReadRoutingStatistics::process( IncomingDiagConnection & connection , uint8_t const * const , uint16_t const)",72,96
5,1,24,1,5,"uds::DtcSink::registerDtc@98-102@/media/jefferson/11c42dee-73a3-4c2b-ab42-a0440011d9e0/worktrees/thinking-caps-openbsw/OpenBSW/gateway/app/application/src/uds/GatewayDiagJobs.cpp","/media/jefferson/11c42dee-73a3-4c2b-ab42-a0440011d9e0/worktrees/thinking-caps-openbsw/OpenBSW/gateway/app/application/src/uds/GatewayDiagJobs.cpp","uds::DtcSink::registerDtc","uds::DtcSink::registerDtc( uint32_t const dtc)",98,102
5,1,24,1,5,"uds::DtcSink::setFailed@104-108@/media/jefferson/11c42dee-73a3-4c2b-ab42-a0440011d9e0/worktrees/thinking-caps-openbsw/OpenBSW/gateway/app/application/src/uds/GatewayDiagJobs.cpp","/media/jefferson/11c42dee-73a3-4c2b-ab42-a0440011d9e0/worktrees/thinking-caps-openbsw/OpenBSW/gateway/app/application/src/uds/GatewayDiagJobs.cpp","uds::DtcSink::setFailed","uds::DtcSink::setFailed( uint32_t const dtc)",104,108
5,1,24,1,5,"uds::DtcSink::setPassed@110-114@/media/jefferson/11c42dee-73a3-4c2b-ab42-a0440011d9e0/worktrees/thinking-caps-openbsw/OpenBSW/gateway/app/application/src/uds/GatewayDiagJobs.cpp","/media/jefferson/11c42dee-73a3-4c2b-ab42-a0440011d9e0/worktrees/thinking-caps-openbsw/OpenBSW/gateway/app/application/src/uds/GatewayDiagJobs.cpp","uds::DtcSink::setPassed","uds::DtcSink::setPassed( uint32_t const dtc)",110,114
1,1,19,0,1,"transport::nowMs@33-33@/media/jefferson/11c42dee-73a3-4c2b-ab42-a0440011d9e0/worktrees/thinking-caps-openbsw/OpenBSW/gateway/app/application/src/systems/TransportSystem.cpp","/media/jefferson/11c42dee-73a3-4c2b-ab42-a0440011d9e0/worktrees/thinking-caps-openbsw/OpenBSW/gateway/app/application/src/systems/TransportSystem.cpp","transport::nowMs","transport::nowMs()",33,33
16,3,122,0,16,"transport::diagnosticRoutes@43-58@/media/jefferson/11c42dee-73a3-4c2b-ab42-a0440011d9e0/worktrees/thinking-caps-openbsw/OpenBSW/gateway/app/application/src/systems/TransportSystem.cpp","/media/jefferson/11c42dee-73a3-4c2b-ab42-a0440011d9e0/worktrees/thinking-caps-openbsw/OpenBSW/gateway/app/application/src/systems/TransportSystem.cpp","transport::diagnosticRoutes","transport::diagnosticRoutes()",43,58
24,1,169,1,25,"transport::TransportSystem::TransportSystem@66-90@/media/jefferson/11c42dee-73a3-4c2b-ab42-a0440011d9e0/worktrees/thinking-caps-openbsw/OpenBSW/gateway/app/application/src/systems/TransportSystem.cpp","/media/jefferson/11c42dee-73a3-4c2b-ab42-a0440011d9e0/worktrees/thinking-caps-openbsw/OpenBSW/gateway/app/application/src/systems/TransportSystem.cpp","transport::TransportSystem::TransportSystem","transport::TransportSystem::TransportSystem( :: async :: ContextType transitionContext)",66,90
1,1,11,0,1,"transport::TransportSystem::getName@92-92@/media/jefferson/11c42dee-73a3-4c2b-ab42-a0440011d9e0/worktrees/thinking-caps-openbsw/OpenBSW/gateway/app/application/src/systems/TransportSystem.cpp","/media/jefferson/11c42dee-73a3-4c2b-ab42-a0440011d9e0/worktrees/thinking-caps-openbsw/OpenBSW/gateway/app/application/src/systems/TransportSystem.cpp","transport::TransportSystem::getName","transport::TransportSystem::getName() const",92,92
62,5,373,0,63,"transport::TransportSystem::init@94-156@/media/jefferson/11c42dee-73a3-4c2b-ab42-a0440011d9e0/worktrees/thinking-caps-openbsw/OpenBSW/gateway/app/application/src/systems/TransportSystem.cpp","/media/jefferson/11c42dee-73a3-4c2b-ab42-a0440011d9e0/worktrees/thinking-caps-openbsw/OpenBSW/gateway/app/application/src/systems/TransportSystem.cpp","transport::TransportSystem::init","transport::TransportSystem::init()",94,156
6,1,33,0,6,"transport::TransportSystem::run@158-163@/media/jefferson/11c42dee-73a3-4c2b-ab42-a0440011d9e0/worktrees/thinking-caps-openbsw/OpenBSW/gateway/app/application/src/systems/TransportSystem.cpp","/media/jefferson/11c42dee-73a3-4c2b-ab42-a0440011d9e0/worktrees/thinking-caps-openbsw/OpenBSW/gateway/app/application/src/systems/TransportSystem.cpp","transport::TransportSystem::run","transport::TransportSystem::run()",158,163
7,1,27,0,7,"transport::TransportSystem::shutdown@165-171@/media/jefferson/11c42dee-73a3-4c2b-ab42-a0440011d9e0/worktrees/thinking-caps-openbsw/OpenBSW/gateway/app/application/src/systems/TransportSystem.cpp","/media/jefferson/11c42dee-73a3-4c2b-ab42-a0440011d9e0/worktrees/thinking-caps-openbsw/OpenBSW/gateway/app/application/src/systems/TransportSystem.cpp","transport::TransportSystem::shutdown","transport::TransportSystem::shutdown()",165,171
10,2,36,0,10,"transport::TransportSystem::execute@173-182@/media/jefferson/11c42dee-73a3-4c2b-ab42-a0440011d9e0/worktrees/thinking-caps-openbsw/OpenBSW/gateway/app/application/src/systems/TransportSystem.cpp","/media/jefferson/11c42dee-73a3-4c2b-ab42-a0440011d9e0/worktrees/thinking-caps-openbsw/OpenBSW/gateway/app/application/src/systems/TransportSystem.cpp","transport::TransportSystem::execute","transport::TransportSystem::execute()",173,182
26,2,180,0,26,"transport::TransportSystem::logStatistics@184-209@/media/jefferson/11c42dee-73a3-4c2b-ab42-a0440011d9e0/worktrees/thinking-caps-openbsw/OpenBSW/gateway/app/application/src/systems/TransportSystem.cpp","/media/jefferson/11c42dee-73a3-4c2b-ab42-a0440011d9e0/worktrees/thinking-caps-openbsw/OpenBSW/gateway/app/application/src/systems/TransportSystem.cpp","transport::TransportSystem::logStatistics","transport::TransportSystem::logStatistics() const",184,209
1,1,8,0,1,"transport::TransportSystem::dump@211-211@/media/jefferson/11c42dee-73a3-4c2b-ab42-a0440011d9e0/worktrees/thinking-caps-openbsw/OpenBSW/gateway/app/application/src/systems/TransportSystem.cpp","/media/jefferson/11c42dee-73a3-4c2b-ab42-a0440011d9e0/worktrees/thinking-caps-openbsw/OpenBSW/gateway/app/application/src/systems/TransportSystem.cpp","transport::TransportSystem::dump","transport::TransportSystem::dump() const",211,211
4,1,17,1,4,"transport::TransportSystem::addTransportLayer@213-216@/media/jefferson/11c42dee-73a3-4c2b-ab42-a0440011d9e0/worktrees/thinking-caps-openbsw/OpenBSW/gateway/app/application/src/systems/TransportSystem.cpp","/media/jefferson/11c42dee-73a3-4c2b-ab42-a0440011d9e0/worktrees/thinking-caps-openbsw/OpenBSW/gateway/app/application/src/systems/TransportSystem.cpp","transport::TransportSystem::addTransportLayer","transport::TransportSystem::addTransportLayer( AbstractTransportLayer & layer)",213,216
4,1,17,1,4,"transport::TransportSystem::removeTransportLayer@218-221@/media/jefferson/11c42dee-73a3-4c2b-ab42-a0440011d9e0/worktrees/thinking-caps-openbsw/OpenBSW/gateway/app/application/src/systems/TransportSystem.cpp","/media/jefferson/11c42dee-73a3-4c2b-ab42-a0440011d9e0/worktrees/thinking-caps-openbsw/OpenBSW/gateway/app/application/src/systems/TransportSystem.cpp","transport::TransportSystem::removeTransportLayer","transport::TransportSystem::removeTransportLayer( AbstractTransportLayer & layer)",218,221
1,1,10,0,1,"transport::TransportSystem::getTransportMessageProvider@223-223@/media/jefferson/11c42dee-73a3-4c2b-ab42-a0440011d9e0/worktrees/thinking-caps-openbsw/OpenBSW/gateway/app/application/src/systems/TransportSystem.cpp","/media/jefferson/11c42dee-73a3-4c2b-ab42-a0440011d9e0/worktrees/thinking-caps-openbsw/OpenBSW/gateway/app/application/src/systems/TransportSystem.cpp","transport::TransportSystem::getTransportMessageProvider","transport::TransportSystem::getTransportMessageProvider()",223,223
1,1,17,0,1,"systemUs@42-42@/media/jefferson/11c42dee-73a3-4c2b-ab42-a0440011d9e0/worktrees/thinking-caps-openbsw/OpenBSW/gateway/app/application/src/systems/DoCanSystem.cpp","/media/jefferson/11c42dee-73a3-4c2b-ab42-a0440011d9e0/worktrees/thinking-caps-openbsw/OpenBSW/gateway/app/application/src/systems/DoCanSystem.cpp","systemUs","systemUs()",42,42
33,3,177,0,38,"docan::DoCanSystem::buildAddressEntries@47-84@/media/jefferson/11c42dee-73a3-4c2b-ab42-a0440011d9e0/worktrees/thinking-caps-openbsw/OpenBSW/gateway/app/application/src/systems/DoCanSystem.cpp","/media/jefferson/11c42dee-73a3-4c2b-ab42-a0440011d9e0/worktrees/thinking-caps-openbsw/OpenBSW/gateway/app/application/src/systems/DoCanSystem.cpp","docan::DoCanSystem::buildAddressEntries","docan::DoCanSystem::buildAddressEntries()",47,84
32,1,150,3,32,"docan::DoCanSystem::DoCanSystem@86-117@/media/jefferson/11c42dee-73a3-4c2b-ab42-a0440011d9e0/worktrees/thinking-caps-openbsw/OpenBSW/gateway/app/application/src/systems/DoCanSystem.cpp","/media/jefferson/11c42dee-73a3-4c2b-ab42-a0440011d9e0/worktrees/thinking-caps-openbsw/OpenBSW/gateway/app/application/src/systems/DoCanSystem.cpp","docan::DoCanSystem::DoCanSystem","docan::DoCanSystem::DoCanSystem( :: transport :: ITransportSystem & transportSystem , :: can :: ICanSystem & canSystem , :: async :: ContextType asyncContext)",86,117
20,1,152,0,21,"docan::DoCanSystem::init@119-139@/media/jefferson/11c42dee-73a3-4c2b-ab42-a0440011d9e0/worktrees/thinking-caps-openbsw/OpenBSW/gateway/app/application/src/systems/DoCanSystem.cpp","/media/jefferson/11c42dee-73a3-4c2b-ab42-a0440011d9e0/worktrees/thinking-caps-openbsw/OpenBSW/gateway/app/application/src/systems/DoCanSystem.cpp","docan::DoCanSystem::init","docan::DoCanSystem::init()",119,139
8,1,47,0,8,"docan::DoCanSystem::run@141-148@/media/jefferson/11c42dee-73a3-4c2b-ab42-a0440011d9e0/worktrees/thinking-caps-openbsw/OpenBSW/gateway/app/application/src/systems/DoCanSystem.cpp","/media/jefferson/11c42dee-73a3-4c2b-ab42-a0440011d9e0/worktrees/thinking-caps-openbsw/OpenBSW/gateway/app/application/src/systems/DoCanSystem.cpp","docan::DoCanSystem::run","docan::DoCanSystem::run()",141,148
6,1,25,0,6,"docan::DoCanSystem::shutdown@150-155@/media/jefferson/11c42dee-73a3-4c2b-ab42-a0440011d9e0/worktrees/thinking-caps-openbsw/OpenBSW/gateway/app/application/src/systems/DoCanSystem.cpp","/media/jefferson/11c42dee-73a3-4c2b-ab42-a0440011d9e0/worktrees/thinking-caps-openbsw/OpenBSW/gateway/app/application/src/systems/DoCanSystem.cpp","docan::DoCanSystem::shutdown","docan::DoCanSystem::shutdown()",150,155
1,1,16,0,1,"docan::DoCanSystem::execute@157-157@/media/jefferson/11c42dee-73a3-4c2b-ab42-a0440011d9e0/worktrees/thinking-caps-openbsw/OpenBSW/gateway/app/application/src/systems/DoCanSystem.cpp","/media/jefferson/11c42dee-73a3-4c2b-ab42-a0440011d9e0/worktrees/thinking-caps-openbsw/OpenBSW/gateway/app/application/src/systems/DoCanSystem.cpp","docan::DoCanSystem::execute","docan::DoCanSystem::execute()",157,157
5,1,33,0,5,"docan::DoCanSystem::TickGeneratorRunnableAdapter::scheduleTick@159-163@/media/jefferson/11c42dee-73a3-4c2b-ab42-a0440011d9e0/worktrees/thinking-caps-openbsw/OpenBSW/gateway/app/application/src/systems/DoCanSystem.cpp","/media/jefferson/11c42dee-73a3-4c2b-ab42-a0440011d9e0/worktrees/thinking-caps-openbsw/OpenBSW/gateway/app/application/src/systems/DoCanSystem.cpp","docan::DoCanSystem::TickGeneratorRunnableAdapter::scheduleTick","docan::DoCanSystem::TickGeneratorRunnableAdapter::scheduleTick()",159,163
4,1,29,2,4,"docan::DoCanSystem::TickGeneratorRunnableAdapter::TickGeneratorRunnableAdapter@165-168@/media/jefferson/11c42dee-73a3-4c2b-ab42-a0440011d9e0/worktrees/thinking-caps-openbsw/OpenBSW/gateway/app/application/src/systems/DoCanSystem.cpp","/media/jefferson/11c42dee-73a3-4c2b-ab42-a0440011d9e0/worktrees/thinking-caps-openbsw/OpenBSW/gateway/app/application/src/systems/DoCanSystem.cpp","docan::DoCanSystem::TickGeneratorRunnableAdapter::TickGeneratorRunnableAdapter","docan::DoCanSystem::TickGeneratorRunnableAdapter::TickGeneratorRunnableAdapter( :: async :: ContextType const context , TransportLayers & layers)",165,168
1,1,15,0,1,"docan::DoCanSystem::TickGeneratorRunnableAdapter::cancelTimeout@170-170@/media/jefferson/11c42dee-73a3-4c2b-ab42-a0440011d9e0/worktrees/thinking-caps-openbsw/OpenBSW/gateway/app/application/src/systems/DoCanSystem.cpp","/media/jefferson/11c42dee-73a3-4c2b-ab42-a0440011d9e0/worktrees/thinking-caps-openbsw/OpenBSW/gateway/app/application/src/systems/DoCanSystem.cpp","docan::DoCanSystem::TickGeneratorRunnableAdapter::cancelTimeout","docan::DoCanSystem::TickGeneratorRunnableAdapter::cancelTimeout()",170,170
1,1,13,0,1,"docan::DoCanSystem::TickGeneratorRunnableAdapter::tickNeeded@172-172@/media/jefferson/11c42dee-73a3-4c2b-ab42-a0440011d9e0/worktrees/thinking-caps-openbsw/OpenBSW/gateway/app/application/src/systems/DoCanSystem.cpp","/media/jefferson/11c42dee-73a3-4c2b-ab42-a0440011d9e0/worktrees/thinking-caps-openbsw/OpenBSW/gateway/app/application/src/systems/DoCanSystem.cpp","docan::DoCanSystem::TickGeneratorRunnableAdapter::tickNeeded","docan::DoCanSystem::TickGeneratorRunnableAdapter::tickNeeded()",172,172
7,2,26,0,7,"docan::DoCanSystem::TickGeneratorRunnableAdapter::execute@174-180@/media/jefferson/11c42dee-73a3-4c2b-ab42-a0440011d9e0/worktrees/thinking-caps-openbsw/OpenBSW/gateway/app/application/src/systems/DoCanSystem.cpp","/media/jefferson/11c42dee-73a3-4c2b-ab42-a0440011d9e0/worktrees/thinking-caps-openbsw/OpenBSW/gateway/app/application/src/systems/DoCanSystem.cpp","docan::DoCanSystem::TickGeneratorRunnableAdapter::execute","docan::DoCanSystem::TickGeneratorRunnableAdapter::execute()",174,180
39,1,204,4,39,"uds::UdsSystem::UdsSystem@26-64@/media/jefferson/11c42dee-73a3-4c2b-ab42-a0440011d9e0/worktrees/thinking-caps-openbsw/OpenBSW/gateway/app/application/src/systems/UdsSystem.cpp","/media/jefferson/11c42dee-73a3-4c2b-ab42-a0440011d9e0/worktrees/thinking-caps-openbsw/OpenBSW/gateway/app/application/src/systems/UdsSystem.cpp","uds::UdsSystem::UdsSystem","uds::UdsSystem::UdsSystem( lifecycle :: LifecycleManager & lManager , transport :: ITransportSystem & transportSystem , :: async :: ContextType context , uint16_t udsAddress)",26,64
9,1,46,0,9,"uds::UdsSystem::init@66-74@/media/jefferson/11c42dee-73a3-4c2b-ab42-a0440011d9e0/worktrees/thinking-caps-openbsw/OpenBSW/gateway/app/application/src/systems/UdsSystem.cpp","/media/jefferson/11c42dee-73a3-4c2b-ab42-a0440011d9e0/worktrees/thinking-caps-openbsw/OpenBSW/gateway/app/application/src/systems/UdsSystem.cpp","uds::UdsSystem::init","uds::UdsSystem::init()",66,74
5,1,33,0,5,"uds::UdsSystem::run@76-80@/media/jefferson/11c42dee-73a3-4c2b-ab42-a0440011d9e0/worktrees/thinking-caps-openbsw/OpenBSW/gateway/app/application/src/systems/UdsSystem.cpp","/media/jefferson/11c42dee-73a3-4c2b-ab42-a0440011d9e0/worktrees/thinking-caps-openbsw/OpenBSW/gateway/app/application/src/systems/UdsSystem.cpp","uds::UdsSystem::run","uds::UdsSystem::run()",76,80
9,1,59,0,9,"uds::UdsSystem::shutdown@82-90@/media/jefferson/11c42dee-73a3-4c2b-ab42-a0440011d9e0/worktrees/thinking-caps-openbsw/OpenBSW/gateway/app/application/src/systems/UdsSystem.cpp","/media/jefferson/11c42dee-73a3-4c2b-ab42-a0440011d9e0/worktrees/thinking-caps-openbsw/OpenBSW/gateway/app/application/src/systems/UdsSystem.cpp","uds::UdsSystem::shutdown","uds::UdsSystem::shutdown()",82,90
5,1,21,0,5,"uds::UdsSystem::shutdownComplete@92-96@/media/jefferson/11c42dee-73a3-4c2b-ab42-a0440011d9e0/worktrees/thinking-caps-openbsw/OpenBSW/gateway/app/application/src/systems/UdsSystem.cpp","/media/jefferson/11c42dee-73a3-4c2b-ab42-a0440011d9e0/worktrees/thinking-caps-openbsw/OpenBSW/gateway/app/application/src/systems/UdsSystem.cpp","uds::UdsSystem::shutdownComplete","uds::UdsSystem::shutdownComplete( transport :: AbstractTransportLayer &)",92,96
1,1,10,0,1,"uds::UdsSystem::getUdsDispatcher@98-98@/media/jefferson/11c42dee-73a3-4c2b-ab42-a0440011d9e0/worktrees/thinking-caps-openbsw/OpenBSW/gateway/app/application/src/systems/UdsSystem.cpp","/media/jefferson/11c42dee-73a3-4c2b-ab42-a0440011d9e0/worktrees/thinking-caps-openbsw/OpenBSW/gateway/app/application/src/systems/UdsSystem.cpp","uds::UdsSystem::getUdsDispatcher","uds::UdsSystem::getUdsDispatcher()",98,98
1,1,10,0,1,"uds::UdsSystem::getAsyncDiagHelper@100-100@/media/jefferson/11c42dee-73a3-4c2b-ab42-a0440011d9e0/worktrees/thinking-caps-openbsw/OpenBSW/gateway/app/application/src/systems/UdsSystem.cpp","/media/jefferson/11c42dee-73a3-4c2b-ab42-a0440011d9e0/worktrees/thinking-caps-openbsw/OpenBSW/gateway/app/application/src/systems/UdsSystem.cpp","uds::UdsSystem::getAsyncDiagHelper","uds::UdsSystem::getAsyncDiagHelper()",100,100
1,1,10,0,1,"uds::UdsSystem::getDiagSessionManager@102-102@/media/jefferson/11c42dee-73a3-4c2b-ab42-a0440011d9e0/worktrees/thinking-caps-openbsw/OpenBSW/gateway/app/application/src/systems/UdsSystem.cpp","/media/jefferson/11c42dee-73a3-4c2b-ab42-a0440011d9e0/worktrees/thinking-caps-openbsw/OpenBSW/gateway/app/application/src/systems/UdsSystem.cpp","uds::UdsSystem::getDiagSessionManager","uds::UdsSystem::getDiagSessionManager()",102,102
4,1,10,0,4,"uds::UdsSystem::getDiagnosticSessionControl@104-107@/media/jefferson/11c42dee-73a3-4c2b-ab42-a0440011d9e0/worktrees/thinking-caps-openbsw/OpenBSW/gateway/app/application/src/systems/UdsSystem.cpp","/media/jefferson/11c42dee-73a3-4c2b-ab42-a0440011d9e0/worktrees/thinking-caps-openbsw/OpenBSW/gateway/app/application/src/systems/UdsSystem.cpp","uds::UdsSystem::getDiagnosticSessionControl","uds::UdsSystem::getDiagnosticSessionControl()",104,107
1,1,10,0,1,"uds::UdsSystem::getReadDataByIdentifier@109-109@/media/jefferson/11c42dee-73a3-4c2b-ab42-a0440011d9e0/worktrees/thinking-caps-openbsw/OpenBSW/gateway/app/application/src/systems/UdsSystem.cpp","/media/jefferson/11c42dee-73a3-4c2b-ab42-a0440011d9e0/worktrees/thinking-caps-openbsw/OpenBSW/gateway/app/application/src/systems/UdsSystem.cpp","uds::UdsSystem::getReadDataByIdentifier","uds::UdsSystem::getReadDataByIdentifier()",109,109
1,1,10,0,1,"uds::UdsSystem::getDtcManager@111-111@/media/jefferson/11c42dee-73a3-4c2b-ab42-a0440011d9e0/worktrees/thinking-caps-openbsw/OpenBSW/gateway/app/application/src/systems/UdsSystem.cpp","/media/jefferson/11c42dee-73a3-4c2b-ab42-a0440011d9e0/worktrees/thinking-caps-openbsw/OpenBSW/gateway/app/application/src/systems/UdsSystem.cpp","uds::UdsSystem::getDtcManager","uds::UdsSystem::getDtcManager()",111,111
7,2,29,1,7,"uds::UdsSystem::addJob@113-119@/media/jefferson/11c42dee-73a3-4c2b-ab42-a0440011d9e0/worktrees/thinking-caps-openbsw/OpenBSW/gateway/app/application/src/systems/UdsSystem.cpp","/media/jefferson/11c42dee-73a3-4c2b-ab42-a0440011d9e0/worktrees/thinking-caps-openbsw/OpenBSW/gateway/app/application/src/systems/UdsSystem.cpp","uds::UdsSystem::addJob","uds::UdsSystem::addJob( AbstractDiagJob & job)",113,119
17,2,129,0,22,"uds::UdsSystem::addDiagJobs@121-142@/media/jefferson/11c42dee-73a3-4c2b-ab42-a0440011d9e0/worktrees/thinking-caps-openbsw/OpenBSW/gateway/app/application/src/systems/UdsSystem.cpp","/media/jefferson/11c42dee-73a3-4c2b-ab42-a0440011d9e0/worktrees/thinking-caps-openbsw/OpenBSW/gateway/app/application/src/systems/UdsSystem.cpp","uds::UdsSystem::addDiagJobs","uds::UdsSystem::addDiagJobs()",121,142
17,2,96,0,17,"uds::UdsSystem::removeDiagJobs@144-160@/media/jefferson/11c42dee-73a3-4c2b-ab42-a0440011d9e0/worktrees/thinking-caps-openbsw/OpenBSW/gateway/app/application/src/systems/UdsSystem.cpp","/media/jefferson/11c42dee-73a3-4c2b-ab42-a0440011d9e0/worktrees/thinking-caps-openbsw/OpenBSW/gateway/app/application/src/systems/UdsSystem.cpp","uds::UdsSystem::removeDiagJobs","uds::UdsSystem::removeDiagJobs()",144,160
1,1,7,0,1,"uds::UdsSystem::execute@162-162@/media/jefferson/11c42dee-73a3-4c2b-ab42-a0440011d9e0/worktrees/thinking-caps-openbsw/OpenBSW/gateway/app/application/src/systems/UdsSystem.cpp","/media/jefferson/11c42dee-73a3-4c2b-ab42-a0440011d9e0/worktrees/thinking-caps-openbsw/OpenBSW/gateway/app/application/src/systems/UdsSystem.cpp","uds::UdsSystem::execute","uds::UdsSystem::execute()",162,162
1,1,21,0,1,"uds::DemoDtcManager::DemoDtcManager@18-18@/media/jefferson/11c42dee-73a3-4c2b-ab42-a0440011d9e0/worktrees/thinking-caps-openbsw/OpenBSW/gateway/app/application/src/uds/DemoDtcManager.cpp","/media/jefferson/11c42dee-73a3-4c2b-ab42-a0440011d9e0/worktrees/thinking-caps-openbsw/OpenBSW/gateway/app/application/src/uds/DemoDtcManager.cpp","uds::DemoDtcManager::DemoDtcManager","uds::DemoDtcManager::DemoDtcManager()",18,18
14,3,60,1,15,"uds::DemoDtcManager::reportFault@20-34@/media/jefferson/11c42dee-73a3-4c2b-ab42-a0440011d9e0/worktrees/thinking-caps-openbsw/OpenBSW/gateway/app/application/src/uds/DemoDtcManager.cpp","/media/jefferson/11c42dee-73a3-4c2b-ab42-a0440011d9e0/worktrees/thinking-caps-openbsw/OpenBSW/gateway/app/application/src/uds/DemoDtcManager.cpp","uds::DemoDtcManager::reportFault","uds::DemoDtcManager::reportFault( uint32_t const dtcNumber)",20,34
15,5,74,1,15,"uds::DemoDtcManager::registerDtc@36-50@/media/jefferson/11c42dee-73a3-4c2b-ab42-a0440011d9e0/worktrees/thinking-caps-openbsw/OpenBSW/gateway/app/application/src/uds/DemoDtcManager.cpp","/media/jefferson/11c42dee-73a3-4c2b-ab42-a0440011d9e0/worktrees/thinking-caps-openbsw/OpenBSW/gateway/app/application/src/uds/DemoDtcManager.cpp","uds::DemoDtcManager::registerDtc","uds::DemoDtcManager::registerDtc( uint32_t const dtcNumber)",36,50
12,3,53,1,12,"uds::DemoDtcManager::reportPassed@52-63@/media/jefferson/11c42dee-73a3-4c2b-ab42-a0440011d9e0/worktrees/thinking-caps-openbsw/OpenBSW/gateway/app/application/src/uds/DemoDtcManager.cpp","/media/jefferson/11c42dee-73a3-4c2b-ab42-a0440011d9e0/worktrees/thinking-caps-openbsw/OpenBSW/gateway/app/application/src/uds/DemoDtcManager.cpp","uds::DemoDtcManager::reportPassed","uds::DemoDtcManager::reportPassed( uint32_t const dtcNumber)",52,63
7,2,32,0,8,"uds::DemoDtcManager::clearAll@65-72@/media/jefferson/11c42dee-73a3-4c2b-ab42-a0440011d9e0/worktrees/thinking-caps-openbsw/OpenBSW/gateway/app/application/src/uds/DemoDtcManager.cpp","/media/jefferson/11c42dee-73a3-4c2b-ab42-a0440011d9e0/worktrees/thinking-caps-openbsw/OpenBSW/gateway/app/application/src/uds/DemoDtcManager.cpp","uds::DemoDtcManager::clearAll","uds::DemoDtcManager::clearAll()",65,72
15,5,71,1,16,"uds::DemoDtcManager::clearByGroup@74-89@/media/jefferson/11c42dee-73a3-4c2b-ab42-a0440011d9e0/worktrees/thinking-caps-openbsw/OpenBSW/gateway/app/application/src/uds/DemoDtcManager.cpp","/media/jefferson/11c42dee-73a3-4c2b-ab42-a0440011d9e0/worktrees/thinking-caps-openbsw/OpenBSW/gateway/app/application/src/uds/DemoDtcManager.cpp","uds::DemoDtcManager::clearByGroup","uds::DemoDtcManager::clearByGroup( uint32_t const groupOfDtc)",74,89
12,4,64,1,12,"uds::DemoDtcManager::getCountByStatusMask@91-102@/media/jefferson/11c42dee-73a3-4c2b-ab42-a0440011d9e0/worktrees/thinking-caps-openbsw/OpenBSW/gateway/app/application/src/uds/DemoDtcManager.cpp","/media/jefferson/11c42dee-73a3-4c2b-ab42-a0440011d9e0/worktrees/thinking-caps-openbsw/OpenBSW/gateway/app/application/src/uds/DemoDtcManager.cpp","uds::DemoDtcManager::getCountByStatusMask","uds::DemoDtcManager::getCountByStatusMask( uint8_t const statusMask) const",91,102
5,1,31,2,5,"uds::DemoDtcManager::getDtcsByStatusMask@104-108@/media/jefferson/11c42dee-73a3-4c2b-ab42-a0440011d9e0/worktrees/thinking-caps-openbsw/OpenBSW/gateway/app/application/src/uds/DemoDtcManager.cpp","/media/jefferson/11c42dee-73a3-4c2b-ab42-a0440011d9e0/worktrees/thinking-caps-openbsw/OpenBSW/gateway/app/application/src/uds/DemoDtcManager.cpp","uds::DemoDtcManager::getDtcsByStatusMask","uds::DemoDtcManager::getDtcsByStatusMask( uint8_t const statusMask , :: etl :: span<uint8_t> const buffer) const",104,108
4,1,27,1,4,"uds::DemoDtcManager::getSupportedDtcs@110-113@/media/jefferson/11c42dee-73a3-4c2b-ab42-a0440011d9e0/worktrees/thinking-caps-openbsw/OpenBSW/gateway/app/application/src/uds/DemoDtcManager.cpp","/media/jefferson/11c42dee-73a3-4c2b-ab42-a0440011d9e0/worktrees/thinking-caps-openbsw/OpenBSW/gateway/app/application/src/uds/DemoDtcManager.cpp","uds::DemoDtcManager::getSupportedDtcs","uds::DemoDtcManager::getSupportedDtcs( :: etl :: span<uint8_t> const buffer) const",110,113
30,6,204,3,32,"uds::DemoDtcManager::collectDtcs@115-146@/media/jefferson/11c42dee-73a3-4c2b-ab42-a0440011d9e0/worktrees/thinking-caps-openbsw/OpenBSW/gateway/app/application/src/uds/DemoDtcManager.cpp","/media/jefferson/11c42dee-73a3-4c2b-ab42-a0440011d9e0/worktrees/thinking-caps-openbsw/OpenBSW/gateway/app/application/src/uds/DemoDtcManager.cpp","uds::DemoDtcManager::collectDtcs","uds::DemoDtcManager::collectDtcs( :: etl :: span<uint8_t> const buffer , bool const filterByStatusMask , uint8_t const statusMask) const",115,146
27,9,145,1,31,"uds::DemoDtcManager::findOrCreate@148-178@/media/jefferson/11c42dee-73a3-4c2b-ab42-a0440011d9e0/worktrees/thinking-caps-openbsw/OpenBSW/gateway/app/application/src/uds/DemoDtcManager.cpp","/media/jefferson/11c42dee-73a3-4c2b-ab42-a0440011d9e0/worktrees/thinking-caps-openbsw/OpenBSW/gateway/app/application/src/uds/DemoDtcManager.cpp","uds::DemoDtcManager::findOrCreate","uds::DemoDtcManager::findOrCreate( uint32_t const dtcNumber)",148,178
8,3,80,1,8,"app::provideVin@105-112@/media/jefferson/11c42dee-73a3-4c2b-ab42-a0440011d9e0/worktrees/thinking-caps-openbsw/OpenBSW/gateway/app/application/src/app/app.cpp","/media/jefferson/11c42dee-73a3-4c2b-ab42-a0440011d9e0/worktrees/thinking-caps-openbsw/OpenBSW/gateway/app/application/src/app/app.cpp","app::provideVin","app::provideVin( :: etl :: span<uint8_t,::doip::VIN_LENGTH> const vin)",105,112
4,1,16,2,4,"app::TesterConnectionMonitor::connectionRoutingActive@118-121@/media/jefferson/11c42dee-73a3-4c2b-ab42-a0440011d9e0/worktrees/thinking-caps-openbsw/OpenBSW/gateway/app/application/src/app/app.cpp","/media/jefferson/11c42dee-73a3-4c2b-ab42-a0440011d9e0/worktrees/thinking-caps-openbsw/OpenBSW/gateway/app/application/src/app/app.cpp","app::TesterConnectionMonitor::connectionRoutingActive","app::TesterConnectionMonitor::connectionRoutingActive( uint16_t const , :: doip :: DoIpTcpConnection :: ConnectionType const)",118,121
4,1,20,1,4,"app::TesterConnectionMonitor::connectionClosed@123-126@/media/jefferson/11c42dee-73a3-4c2b-ab42-a0440011d9e0/worktrees/thinking-caps-openbsw/OpenBSW/gateway/app/application/src/app/app.cpp","/media/jefferson/11c42dee-73a3-4c2b-ab42-a0440011d9e0/worktrees/thinking-caps-openbsw/OpenBSW/gateway/app/application/src/app/app.cpp","app::TesterConnectionMonitor::connectionClosed","app::TesterConnectionMonitor::connectionClosed( uint16_t const sourceAddress)",123,126
1,1,16,1,1,"app::LifecycleMonitor::LifecycleMonitor@134-134@/media/jefferson/11c42dee-73a3-4c2b-ab42-a0440011d9e0/worktrees/thinking-caps-openbsw/OpenBSW/gateway/app/application/src/app/app.cpp","/media/jefferson/11c42dee-73a3-4c2b-ab42-a0440011d9e0/worktrees/thinking-caps-openbsw/OpenBSW/gateway/app/application/src/app/app.cpp","app::LifecycleMonitor::LifecycleMonitor","app::LifecycleMonitor::LifecycleMonitor( LifecycleManager & manager)",134,134
1,1,9,0,1,"app::LifecycleMonitor::isReadyForReset@136-136@/media/jefferson/11c42dee-73a3-4c2b-ab42-a0440011d9e0/worktrees/thinking-caps-openbsw/OpenBSW/gateway/app/application/src/app/app.cpp","/media/jefferson/11c42dee-73a3-4c2b-ab42-a0440011d9e0/worktrees/thinking-caps-openbsw/OpenBSW/gateway/app/application/src/app/app.cpp","app::LifecycleMonitor::isReadyForReset","app::LifecycleMonitor::isReadyForReset() const",136,136
9,2,31,2,9,"app::LifecycleMonitor::lifecycleLevelReached@139-147@/media/jefferson/11c42dee-73a3-4c2b-ab42-a0440011d9e0/worktrees/thinking-caps-openbsw/OpenBSW/gateway/app/application/src/app/app.cpp","/media/jefferson/11c42dee-73a3-4c2b-ab42-a0440011d9e0/worktrees/thinking-caps-openbsw/OpenBSW/gateway/app/application/src/app/app.cpp","app::LifecycleMonitor::lifecycleLevelReached","app::LifecycleMonitor::lifecycleLevelReached( uint8_t const level , :: lifecycle :: ILifecycleComponent :: Transition :: Type const)",139,147
6,1,26,0,6,"app::IdleHandler::init@157-162@/media/jefferson/11c42dee-73a3-4c2b-ab42-a0440011d9e0/worktrees/thinking-caps-openbsw/OpenBSW/gateway/app/application/src/app/app.cpp","/media/jefferson/11c42dee-73a3-4c2b-ab42-a0440011d9e0/worktrees/thinking-caps-openbsw/OpenBSW/gateway/app/application/src/app/app.cpp","app::IdleHandler::init","app::IdleHandler::init()",157,162
1,1,18,0,1,"app::IdleHandler::start@164-164@/media/jefferson/11c42dee-73a3-4c2b-ab42-a0440011d9e0/worktrees/thinking-caps-openbsw/OpenBSW/gateway/app/application/src/app/app.cpp","/media/jefferson/11c42dee-73a3-4c2b-ab42-a0440011d9e0/worktrees/thinking-caps-openbsw/OpenBSW/gateway/app/application/src/app/app.cpp","app::IdleHandler::start","app::IdleHandler::start()",164,164
13,2,50,0,13,"app::IdleHandler::execute@167-179@/media/jefferson/11c42dee-73a3-4c2b-ab42-a0440011d9e0/worktrees/thinking-caps-openbsw/OpenBSW/gateway/app/application/src/app/app.cpp","/media/jefferson/11c42dee-73a3-4c2b-ab42-a0440011d9e0/worktrees/thinking-caps-openbsw/OpenBSW/gateway/app/application/src/app/app.cpp","app::IdleHandler::execute","app::IdleHandler::execute()",167,179
6,1,25,0,6,"app::IdleHandler::shutdown@181-186@/media/jefferson/11c42dee-73a3-4c2b-ab42-a0440011d9e0/worktrees/thinking-caps-openbsw/OpenBSW/gateway/app/application/src/app/app.cpp","/media/jefferson/11c42dee-73a3-4c2b-ab42-a0440011d9e0/worktrees/thinking-caps-openbsw/OpenBSW/gateway/app/application/src/app/app.cpp","app::IdleHandler::shutdown","app::IdleHandler::shutdown()",181,186
5,1,35,0,5,"app::staticInit@193-197@/media/jefferson/11c42dee-73a3-4c2b-ab42-a0440011d9e0/worktrees/thinking-caps-openbsw/OpenBSW/gateway/app/application/src/app/app.cpp","/media/jefferson/11c42dee-73a3-4c2b-ab42-a0440011d9e0/worktrees/thinking-caps-openbsw/OpenBSW/gateway/app/application/src/app/app.cpp","app::staticInit","app::staticInit()",193,197
7,1,39,0,7,"app::run@199-205@/media/jefferson/11c42dee-73a3-4c2b-ab42-a0440011d9e0/worktrees/thinking-caps-openbsw/OpenBSW/gateway/app/application/src/app/app.cpp","/media/jefferson/11c42dee-73a3-4c2b-ab42-a0440011d9e0/worktrees/thinking-caps-openbsw/OpenBSW/gateway/app/application/src/app/app.cpp","app::run","app::run()",199,205
42,1,421,0,62,"app::startApp@207-268@/media/jefferson/11c42dee-73a3-4c2b-ab42-a0440011d9e0/worktrees/thinking-caps-openbsw/OpenBSW/gateway/app/application/src/app/app.cpp","/media/jefferson/11c42dee-73a3-4c2b-ab42-a0440011d9e0/worktrees/thinking-caps-openbsw/OpenBSW/gateway/app/application/src/app/app.cpp","app::startApp","app::startApp()",207,268
1,1,19,0,1,"doip::nowMs@16-16@/media/jefferson/11c42dee-73a3-4c2b-ab42-a0440011d9e0/worktrees/thinking-caps-openbsw/OpenBSW/gateway/app/application/src/systems/DoIpClientSystem.cpp","/media/jefferson/11c42dee-73a3-4c2b-ab42-a0440011d9e0/worktrees/thinking-caps-openbsw/OpenBSW/gateway/app/application/src/systems/DoIpClientSystem.cpp","doip::nowMs","doip::nowMs()",16,16
15,4,91,0,15,"doip::DoIpClientSystem::buildNodes@30-44@/media/jefferson/11c42dee-73a3-4c2b-ab42-a0440011d9e0/worktrees/thinking-caps-openbsw/OpenBSW/gateway/app/application/src/systems/DoIpClientSystem.cpp","/media/jefferson/11c42dee-73a3-4c2b-ab42-a0440011d9e0/worktrees/thinking-caps-openbsw/OpenBSW/gateway/app/application/src/systems/DoIpClientSystem.cpp","doip::DoIpClientSystem::buildNodes","doip::DoIpClientSystem::buildNodes()",30,44
15,1,93,2,15,"doip::DoIpClientSystem::DoIpClientSystem@46-60@/media/jefferson/11c42dee-73a3-4c2b-ab42-a0440011d9e0/worktrees/thinking-caps-openbsw/OpenBSW/gateway/app/application/src/systems/DoIpClientSystem.cpp","/media/jefferson/11c42dee-73a3-4c2b-ab42-a0440011d9e0/worktrees/thinking-caps-openbsw/OpenBSW/gateway/app/application/src/systems/DoIpClientSystem.cpp","doip::DoIpClientSystem::DoIpClientSystem","doip::DoIpClientSystem::DoIpClientSystem( :: transport :: ITransportSystem & transportSystem , :: async :: ContextType const context)",46,60
1,1,11,0,1,"doip::DoIpClientSystem::init@62-62@/media/jefferson/11c42dee-73a3-4c2b-ab42-a0440011d9e0/worktrees/thinking-caps-openbsw/OpenBSW/gateway/app/application/src/systems/DoIpClientSystem.cpp","/media/jefferson/11c42dee-73a3-4c2b-ab42-a0440011d9e0/worktrees/thinking-caps-openbsw/OpenBSW/gateway/app/application/src/systems/DoIpClientSystem.cpp","doip::DoIpClientSystem::init","doip::DoIpClientSystem::init()",62,62
13,1,78,0,13,"doip::DoIpClientSystem::run@64-76@/media/jefferson/11c42dee-73a3-4c2b-ab42-a0440011d9e0/worktrees/thinking-caps-openbsw/OpenBSW/gateway/app/application/src/systems/DoIpClientSystem.cpp","/media/jefferson/11c42dee-73a3-4c2b-ab42-a0440011d9e0/worktrees/thinking-caps-openbsw/OpenBSW/gateway/app/application/src/systems/DoIpClientSystem.cpp","doip::DoIpClientSystem::run","doip::DoIpClientSystem::run()",64,76
8,1,53,0,8,"doip::DoIpClientSystem::shutdown@78-85@/media/jefferson/11c42dee-73a3-4c2b-ab42-a0440011d9e0/worktrees/thinking-caps-openbsw/OpenBSW/gateway/app/application/src/systems/DoIpClientSystem.cpp","/media/jefferson/11c42dee-73a3-4c2b-ab42-a0440011d9e0/worktrees/thinking-caps-openbsw/OpenBSW/gateway/app/application/src/systems/DoIpClientSystem.cpp","doip::DoIpClientSystem::shutdown","doip::DoIpClientSystem::shutdown()",78,85
1,1,12,0,1,"doip::DoIpClientSystem::shutdownDone@87-87@/media/jefferson/11c42dee-73a3-4c2b-ab42-a0440011d9e0/worktrees/thinking-caps-openbsw/OpenBSW/gateway/app/application/src/systems/DoIpClientSystem.cpp","/media/jefferson/11c42dee-73a3-4c2b-ab42-a0440011d9e0/worktrees/thinking-caps-openbsw/OpenBSW/gateway/app/application/src/systems/DoIpClientSystem.cpp","doip::DoIpClientSystem::shutdownDone","doip::DoIpClientSystem::shutdownDone( :: transport :: AbstractTransportLayer &)",87,87
1,1,13,0,1,"doip::DoIpClientSystem::execute@89-89@/media/jefferson/11c42dee-73a3-4c2b-ab42-a0440011d9e0/worktrees/thinking-caps-openbsw/OpenBSW/gateway/app/application/src/systems/DoIpClientSystem.cpp","/media/jefferson/11c42dee-73a3-4c2b-ab42-a0440011d9e0/worktrees/thinking-caps-openbsw/OpenBSW/gateway/app/application/src/systems/DoIpClientSystem.cpp","doip::DoIpClientSystem::execute","doip::DoIpClientSystem::execute()",89,89
5,3,49,3,5,"_int@32-36@/media/jefferson/11c42dee-73a3-4c2b-ab42-a0440011d9e0/worktrees/thinking-caps-openbsw/OpenBSW/gateway/tools/gen_routing.py","/media/jefferson/11c42dee-73a3-4c2b-ab42-a0440011d9e0/worktrees/thinking-caps-openbsw/OpenBSW/gateway/tools/gen_routing.py","_int","_int( entry : dict , key : str , where : str )",32,36
5,4,48,1,5,"load@39-43@/media/jefferson/11c42dee-73a3-4c2b-ab42-a0440011d9e0/worktrees/thinking-caps-openbsw/OpenBSW/gateway/tools/gen_routing.py","/media/jefferson/11c42dee-73a3-4c2b-ab42-a0440011d9e0/worktrees/thinking-caps-openbsw/OpenBSW/gateway/tools/gen_routing.py","load","load( path : Path )",39,43
10,6,80,2,10,"_ipv4@46-55@/media/jefferson/11c42dee-73a3-4c2b-ab42-a0440011d9e0/worktrees/thinking-caps-openbsw/OpenBSW/gateway/tools/gen_routing.py","/media/jefferson/11c42dee-73a3-4c2b-ab42-a0440011d9e0/worktrees/thinking-caps-openbsw/OpenBSW/gateway/tools/gen_routing.py","_ipv4","_ipv4( entry : dict , where : str )",46,55
19,9,154,5,19,"_transport_fields@58-76@/media/jefferson/11c42dee-73a3-4c2b-ab42-a0440011d9e0/worktrees/thinking-caps-openbsw/OpenBSW/gateway/tools/gen_routing.py","/media/jefferson/11c42dee-73a3-4c2b-ab42-a0440011d9e0/worktrees/thinking-caps-openbsw/OpenBSW/gateway/tools/gen_routing.py","_transport_fields","_transport_fields( entry : dict , route : dict , where : str , can_ids : dict , ip_addresses : dict )",58,76
67,21,615,1,68,"validate@79-146@/media/jefferson/11c42dee-73a3-4c2b-ab42-a0440011d9e0/worktrees/thinking-caps-openbsw/OpenBSW/gateway/tools/gen_routing.py","/media/jefferson/11c42dee-73a3-4c2b-ab42-a0440011d9e0/worktrees/thinking-caps-openbsw/OpenBSW/gateway/tools/gen_routing.py","validate","validate( data : dict )",79,146
42,5,86,1,42,"render_header@149-190@/media/jefferson/11c42dee-73a3-4c2b-ab42-a0440011d9e0/worktrees/thinking-caps-openbsw/OpenBSW/gateway/tools/gen_routing.py","/media/jefferson/11c42dee-73a3-4c2b-ab42-a0440011d9e0/worktrees/thinking-caps-openbsw/OpenBSW/gateway/tools/gen_routing.py","render_header","render_header( cfg : dict )",149,190
9,5,84,1,9,"address_table@193-201@/media/jefferson/11c42dee-73a3-4c2b-ab42-a0440011d9e0/worktrees/thinking-caps-openbsw/OpenBSW/gateway/tools/gen_routing.py","/media/jefferson/11c42dee-73a3-4c2b-ab42-a0440011d9e0/worktrees/thinking-caps-openbsw/OpenBSW/gateway/tools/gen_routing.py","address_table","address_table( cfg : dict )",193,201
8,4,74,2,8,"check_profile.matches@210-217@/media/jefferson/11c42dee-73a3-4c2b-ab42-a0440011d9e0/worktrees/thinking-caps-openbsw/OpenBSW/gateway/tools/gen_routing.py","/media/jefferson/11c42dee-73a3-4c2b-ab42-a0440011d9e0/worktrees/thinking-caps-openbsw/OpenBSW/gateway/tools/gen_routing.py","check_profile.matches","check_profile.matches( filters : list , can_id : int )",210,217
16,6,128,2,25,"check_profile@204-228@/media/jefferson/11c42dee-73a3-4c2b-ab42-a0440011d9e0/worktrees/thinking-caps-openbsw/OpenBSW/gateway/tools/gen_routing.py","/media/jefferson/11c42dee-73a3-4c2b-ab42-a0440011d9e0/worktrees/thinking-caps-openbsw/OpenBSW/gateway/tools/gen_routing.py","check_profile","check_profile( cfg : dict , profile_path : Path )",204,228
22,9,235,1,22,"main@231-252@/media/jefferson/11c42dee-73a3-4c2b-ab42-a0440011d9e0/worktrees/thinking-caps-openbsw/OpenBSW/gateway/tools/gen_routing.py","/media/jefferson/11c42dee-73a3-4c2b-ab42-a0440011d9e0/worktrees/thinking-caps-openbsw/OpenBSW/gateway/tools/gen_routing.py","main","main( argv : list [ str ] | None = None )",231,252
